driver_id,sent_date,lat,lng,weekday,hour
417cb652936ecc94e4212afcebf547f2,2020-03-16 14:00:00,-23.474533081054,-46.523727416992,1.0,14.0
a86724907acca94e49108ccc18841849,2020-03-16 14:00:00,-23.505416870117,-46.549785614013,1.0,14.0
e2139b28068eadb5332bf37d845ee011,2020-03-16 14:05:00,-23.519315719604,-46.510772705078,1.0,14.0
d7a718b537b3cfb6121c4c52cf30ad05,2020-03-16 14:05:00,-23.460048675537,-46.56118774414,1.0,14.0
0e5c42fd3a14cc1138d7296de738073c,2020-03-16 14:05:00,-23.514886856079,-46.538295745849,1.0,14.0
f2e2bebac59ea3c4376ecc05dbc73e7a,2020-03-16 14:05:00,-23.486608505249,-46.553493499755,1.0,14.0
be3d5d976892f7372b49ce04fb689adb,2020-03-16 14:10:00,-23.456892013549,-46.461326599121,1.0,14.0
016a3432421d8db5f205fc4d2b850243,2020-03-16 14:15:00,-23.504325866699,-46.507381439208,1.0,14.0
fd42a1a1da64f5aae6780b50575a7d58,2020-03-16 14:15:00,-23.467864990234,-46.512138366699,1.0,14.0
e7853c3f3eb97ea40f03546744edebd2,2020-03-16 14:15:00,-23.509397506713,-46.545375823974,1.0,14.0
4bae1211d17494816631a231dc28fec1,2020-03-16 14:20:00,-23.510892868041,-46.508914947509,1.0,14.0
e02ee594e8a304b439c1bdcbeb10f78f,2020-03-16 14:20:00,-23.497428894042,-46.466018676757,1.0,14.0
4645773556b47375fc4fa46ce33db586,2020-03-16 14:25:00,-23.509323120117,-46.479431152343,1.0,14.0
daafab2d35a8d38900d5bfc1636f3509,2020-03-16 14:25:00,-23.505544662475,-46.535873413085,1.0,14.0
203bd26614f0cf0a4a3ba833c654f161,2020-03-16 14:25:00,-23.472764968872,-46.495349884033,1.0,14.0
980e71c181db525cce3e4f9fa4c2834d,2020-03-16 14:35:00,-23.512153625488,-46.54536819458,1.0,14.0
53ebfab965114cb08eeaa2d934f42b75,2020-03-16 14:40:00,-23.463346481323,-46.491542816162,1.0,14.0
133d41d52436a6dec9c17fa74f29605a,2020-03-16 14:40:00,-23.453485488891,-46.484947204589,1.0,14.0
62a415ea2b60a33b87aa005cb9c4e9ff,2020-03-16 14:45:00,-23.514352798461,-46.540245056152,1.0,14.0
70e589798eebc235cf897f43f2fcb47d,2020-03-16 14:45:00,-23.478366851806,-46.549499511718,1.0,14.0
c80b105f834d45198defbec225256825,2020-03-16 14:45:00,-23.475271224975,-46.532642364501,1.0,14.0
0ecbd66b20d6907432a21236fa2689d7,2020-03-16 14:55:00,-23.436929702758,-46.558353424072,1.0,14.0
d5ed60cc4f532f1b230065f81e497469,2020-03-16 14:55:00,-23.448328018188,-46.545322418212,1.0,14.0
a2cfb330eebced6f83ce3b1b801181be,2020-03-16 14:55:00,-23.428527832031,-46.496658325195,1.0,14.0
ad6022f5275d2b686adfbd844eea78da,2020-03-16 14:55:00,-23.514678955078,-46.503349304199,1.0,14.0
f32f1b210fc6036ebb5ba2f98e65887f,2020-03-16 14:55:00,-23.488567352294,-46.559482574462,1.0,14.0
0daaac542ee7f6ecf64077314985dc23,2020-03-16 14:55:00,-23.479907989501,-46.532115936279,1.0,14.0
c4bca428211c2b48b81fd3b12afd2aa1,2020-03-16 14:55:00,-23.482242584228,-46.463733673095,1.0,14.0
561697da315d176915fa430db666cd2a,2020-03-16 14:55:00,-23.476858139038,-46.56974029541,1.0,14.0
6cd60311b5c2dbd4b1078de471af563a,2020-03-16 14:55:00,-23.491710662841,-46.503452301025,1.0,14.0
9a1dae54fa8a7ae6c9949bc6f2373fc0,2020-03-16 14:55:00,-23.449520111083,-46.546127319335,1.0,14.0
120b3d64e4c26c0c457ea26dcc34727c,2020-03-16 14:55:00,-23.520557403564,-46.506114959716,1.0,14.0
625ae9004b525accfd2d2608726b033c,2020-03-16 14:55:00,-23.458665847778,-46.517925262451,1.0,14.0
3ae04cd9569705cc18fd51df7e870279,2020-03-16 14:55:00,-23.467882156372,-46.470901489257,1.0,14.0
a8cc9751488c085f7d197f4a524d0009,2020-03-16 14:55:00,-23.502979278564,-46.55617904663,1.0,14.0
ec54966a5dc00c33e99fb770c3703f6b,2020-03-16 14:55:00,-23.463424682617,-46.521366119384,1.0,14.0
2703d69a0f5745bbe6da23540f25bb58,2020-03-16 14:55:00,-23.451015472412,-46.535179138183,1.0,14.0
995aeb26ccb863fa13d1d24e19a13be0,2020-03-16 14:55:00,-23.487407684326,-46.488471984863,1.0,14.0
6e0a18058272acdec01eb34718cf4c12,2020-03-16 14:55:00,-23.454074859619,-46.457080841064,1.0,14.0
e6d0f8bca8c2cf3ed9ae409c47598764,2020-03-16 14:55:00,-23.474870681762,-46.530254364013,1.0,14.0
bd2ecba368839b7447db9829ba015e98,2020-03-16 14:55:00,-23.520542144775,-46.507167816162,1.0,14.0
5c8f120126a1f626be43f5d44fe4ae90,2020-03-17 14:00:00,-23.456594467163,-46.563774108886,2.0,14.0
1f77d9ca85b582535ee7dd759ee8f7b8,2020-03-17 14:00:00,-23.510293960571,-46.498161315917,2.0,14.0
f9066a7a7d9bd86104e50ef7a8f66712,2020-03-17 14:00:00,-23.459688186645,-46.484855651855,2.0,14.0
b50a87541d585c512f48f4c783d503b9,2020-03-17 14:05:00,-23.459518432617,-46.539672851562,2.0,14.0
54c34d43fffc4042b44703d81d577b8b,2020-03-17 14:10:00,-23.470905303955,-46.560947418212,2.0,14.0
d618a9dffea97edfb9fc8dd797c80682,2020-03-17 14:10:00,-23.486930847167,-46.530811309814,2.0,14.0
f31bbf0119fbcd96a65d05898d594ed2,2020-03-17 14:15:00,-23.476060867309,-46.553798675537,2.0,14.0
8cbeda99e247b74e425faaed7be5ae59,2020-03-17 14:15:00,-23.453992843627,-46.566658020019,2.0,14.0
1846253dc20c55075c7a4b1a7fdc08ba,2020-03-17 14:15:00,-23.471754074096,-46.564842224121,2.0,14.0
f969f6fd732dabbd3a66097f502c5fb9,2020-03-17 14:20:00,-23.506889343261,-46.477863311767,2.0,14.0
9c454e23267b520b621199fd4a79e3a6,2020-03-17 14:25:00,-23.475315093994,-46.513683319091,2.0,14.0
0de8dc47ffd9a5d9e8ef4392b633c5e9,2020-03-17 14:25:00,-23.47152519226,-46.51874923706,2.0,14.0
d23ceaf8af1c7669ce2eb33e61a27e1f,2020-03-17 14:25:00,-23.488843917846,-46.561569213867,2.0,14.0
39e40c07e6d35604c04e724e3f851b15,2020-03-17 14:30:00,-23.452592849731,-46.476749420166,2.0,14.0
01a38d58132dd9a032c8b4195658b9ed,2020-03-17 14:30:00,-23.475023269653,-46.476905822753,2.0,14.0
f15ed0417c6d38af2085eca2b8cd163e,2020-03-17 14:30:00,-23.469518661499,-46.513214111328,2.0,14.0
e865b4691fb090ed7ce06d6bfb4ea75c,2020-03-17 14:30:00,-23.456687927246,-46.565422058105,2.0,14.0
eeff9cf50bb62e7a0ba3e89d69b22ec7,2020-03-17 14:30:00,-23.514068603515,-46.531555175781,2.0,14.0
d399d0b1e3570d967637b8c61b59880a,2020-03-17 14:30:00,-23.449184417724,-46.526142120361,2.0,14.0
d42ae51f7bc6eb038b2acd9c64d344c3,2020-03-17 14:35:00,-23.478239059448,-46.529285430908,2.0,14.0
6747b61f35e4532562f706a937ef47e3,2020-03-17 14:35:00,-23.513345718383,-46.527473449707,2.0,14.0
dce3d41cab7a8e8f61278a379fcf9887,2020-03-17 14:40:00,-23.498331069946,-46.519313812255,2.0,14.0
b48010f3efe1ca348fb443f004b70d4a,2020-03-17 14:40:00,-23.50428199768,-46.473091125488,2.0,14.0
a9c7f6d20c0dc3a131a28019333eb874,2020-03-17 14:40:00,-23.518535614013,-46.510314941406,2.0,14.0
e7f141f3bd3d43b0137a0ae50ae26af9,2020-03-17 14:40:00,-23.49030303955,-46.503398895263,2.0,14.0
4d76bdef0d4780075906b69acd169cb7,2020-03-17 14:45:00,-23.49045753479,-46.559371948242,2.0,14.0
d60aef7f82617ea585bb8b57bbe57732,2020-03-17 14:45:00,-23.519704818725,-46.51036453247,2.0,14.0
dfccb0fb6fd489d5cbc09138c8906ebb,2020-03-17 14:45:00,-23.472436904907,-46.504383087158,2.0,14.0
4cb3b7fc3438f0b51258285b88f08a7d,2020-03-17 14:45:00,-23.489593505859,-46.559246063232,2.0,14.0
8d2f3281cc6a14ecb39d34b71df7539e,2020-03-17 14:50:00,-23.469266891479,-46.512500762939,2.0,14.0
1022ed0765914fdf2f9111fe277f0ad2,2020-03-17 14:50:00,-23.467741012573,-46.512073516845,2.0,14.0
c6d0f41fbf71c76904d9ef3fb0ecf845,2020-03-17 14:50:00,-23.432138442993,-46.53583908081,2.0,14.0
0a233b7041ba1d824c3f07389dde018b,2020-03-17 14:50:00,-23.493143081665,-46.552509307861,2.0,14.0
3e3511413cb9400415a443c601898794,2020-03-17 14:55:00,-23.467718124389,-46.511821746826,2.0,14.0
edaa4c897f7ca7631c5162f702f53d47,2020-03-17 14:55:00,-23.446868896484,-46.565433502197,2.0,14.0
0f997dae442125b3de799400a8114e94,2020-03-17 14:55:00,-23.460533142089,-46.533573150634,2.0,14.0
1f965c6caa9faf50653386364497b4ce,2020-03-17 14:55:00,-23.445693969726,-46.523975372314,2.0,14.0
b40f70ed97adab7fc836873d25c26e6c,2020-03-17 14:55:00,-23.460615158081,-46.553527832031,2.0,14.0
8e4f9f0bf018939f714c59052616f92b,2020-03-17 14:55:00,-23.461038589477,-46.548225402832,2.0,14.0
f136ee6b0de47f61a1f66811656890aa,2020-03-17 14:55:00,-23.458292007446,-46.471870422363,2.0,14.0
0bb111b05856916ef42102e6f4ac83c0,2020-03-17 14:55:00,-23.49423789978,-46.554279327392,2.0,14.0
c4d0c9a8dccafabb40eae08886a3cdfa,2020-03-17 14:55:00,-23.457683563232,-46.568672180175,2.0,14.0
e95ed7c0aea9b9dcf90c82824c681709,2020-03-17 14:55:00,-23.481874465942,-46.54174041748,2.0,14.0
6b0c59750d437ff4ad9b02dad718e88d,2020-03-17 14:55:00,-23.485548019409,-46.529338836669,2.0,14.0
373e4c5d8edfa8b74fd4b6791d0cf6dc,2020-03-17 14:55:00,-23.487442016601,-46.467231750488,2.0,14.0
f00b6379b82a515a9478b6e58b783de9,2020-03-17 14:55:00,-23.472051620483,-46.48546218872,2.0,14.0
aee2ec028b90ce19905d580f6ed35b39,2020-03-17 14:55:00,-23.445777893066,-46.52737045288,2.0,14.0
e3a146ec81bc9bd0b93d8ef3d52ecc3e,2020-03-18 14:05:00,-23.514928817749,-46.518032073974,3.0,14.0
3cceab11e53d2c67745c223efd9aca64,2020-03-18 14:05:00,-23.49751663208,-46.558685302734,3.0,14.0
66b4954d13fc54afbdde3e3fa142b7a9,2020-03-18 14:05:00,-23.507457733154,-46.480701446533,3.0,14.0
8360c302027cfc8aead1451353d2923f,2020-03-18 14:05:00,-23.491044998168,-46.549549102783,3.0,14.0
54ccdd970771de94cc3273cbe6139d91,2020-03-18 14:05:00,-23.474117279052,-46.48696899414,3.0,14.0
e8419a736b67ef53344cdbab6bfe69e3,2020-03-18 14:05:00,-23.472625732421,-46.563312530517,3.0,14.0
10fb61a5ff2da54f4b375bb1facf479c,2020-03-18 14:05:00,-23.504928588867,-46.551685333251,3.0,14.0
f3993c9fde6eff9a4ab17303b656aebf,2020-03-18 14:05:00,-23.487092971801,-46.543350219726,3.0,14.0
c7cfbf9f79f5b277b5d74e2419c60a50,2020-03-18 14:05:00,-23.511304855346,-46.529739379882,3.0,14.0
f43d1f752871b341acf00edd36341cf2,2020-03-18 14:10:00,-23.483100891113,-46.504341125488,3.0,14.0
bb60700b940335b7cb9e700e51e240ca,2020-03-18 14:10:00,-23.485651016235,-46.543209075927,3.0,14.0
42abd277abf1d70733aa350afb14f048,2020-03-18 14:10:00,-23.477836608886,-46.543128967285,3.0,14.0
3c0f248dae18a04aa9b045ab8000dcf8,2020-03-18 14:10:00,-23.469093322753,-46.515037536621,3.0,14.0
8c6749c80704c24df7276f52d2d29dd4,2020-03-18 14:15:00,-23.490285873413,-46.534980773925,3.0,14.0
1416f745cb1b1adfa91646efffef52bf,2020-03-18 14:15:00,-23.472087860107,-46.519859313964,3.0,14.0
26c8ff85dd7610bd3855d7a63cc94971,2020-03-18 14:20:00,-23.488878250122,-46.464672088623,3.0,14.0
0244b4ef62f302a84c1186c0108d105b,2020-03-18 14:20:00,-23.486389160156,-46.559867858886,3.0,14.0
ff041fde5b7cdebdd2f34b23232af70f,2020-03-18 14:20:00,-23.466922760009,-46.466720581054,3.0,14.0
41a6fa33d4018c48e891be07bb9979f7,2020-03-18 14:20:00,-23.515590667724,-46.484901428222,3.0,14.0
6db65196c0859a52ec41ae9fd0b066ca,2020-03-18 14:25:00,-23.469783782958,-46.512878417968,3.0,14.0
3e550d97290d5d28d3921acd969e198e,2020-03-18 14:25:00,-23.514638900756,-46.506599426269,3.0,14.0
d1fe9485be324217b5d180d04dfcb87f,2020-03-18 14:25:00,-23.483741760253,-46.538188934326,3.0,14.0
a3a9974981bb21dc5911d66d69e53f2f,2020-03-18 14:30:00,-23.496213912963,-46.556980133056,3.0,14.0
50fcf9efb254f7c2dee2d86a3a48e8a6,2020-03-18 14:30:00,-23.494045257568,-46.517078399658,3.0,14.0
52b4e49f29b24af9283fc614d6ed2c01,2020-03-18 14:30:00,-23.48313331604,-46.470058441162,3.0,14.0
d121abbb2b08571496b0f8fcb559606d,2020-03-18 14:35:00,-23.504598617553,-46.471912384033,3.0,14.0
fc2ee139394548b08c0a5b1e9b143a94,2020-03-18 14:35:00,-23.489099502563,-46.566215515136,3.0,14.0
d42d6caa71047175a45debdd584afdd5,2020-03-18 14:40:00,-23.501312255859,-46.470420837402,3.0,14.0
550cbb966e3b71f3f2f7a7ce6458d260,2020-03-18 14:40:00,-23.469604492187,-46.513305664062,3.0,14.0
bc4380fc21cffef0529d7bc41b572f04,2020-03-18 14:45:00,-23.472385406494,-46.498161315917,3.0,14.0
71ef0ddad6dc0c1264dbf34106a018d1,2020-03-18 14:45:00,-23.515850067138,-46.518459320068,3.0,14.0
8fe2ea1714b29d2c5464880bdfe83684,2020-03-18 14:45:00,-23.493234634399,-46.508892059326,3.0,14.0
f288f46c5d79de67251ea00e6c7970f6,2020-03-18 14:45:00,-23.517990112304,-46.510295867919,3.0,14.0
bc75f6f5271456bb39f4be7c5839ccd7,2020-03-18 14:45:00,-23.480602264404,-46.502647399902,3.0,14.0
fb0f14f6a3c2773aa374d35b331b5488,2020-03-18 14:45:00,-23.462129592895,-46.490837097167,3.0,14.0
b9c336848012bf8895727641067e7638,2020-03-18 14:50:00,-23.516117095947,-46.535846710205,3.0,14.0
998681b3d0e5deb9f6ff316245c2037b,2020-03-18 14:50:00,-23.462070465087,-46.487785339355,3.0,14.0
25d97e8f7d8f28b9f18537e157a1b953,2020-03-18 14:50:00,-23.457235336303,-46.566398620605,3.0,14.0
0f5f20b2d50c0a2a66e9d8faf2b6604e,2020-03-18 14:50:00,-23.46787071228,-46.512172698974,3.0,14.0
554018143885b05eda3105cedc837f80,2020-03-18 14:55:00,-23.506595611572,-46.531372070312,3.0,14.0
78cf90361848df54c7712dd898838db7,2020-03-18 14:55:00,-23.507667541503,-46.484859466552,3.0,14.0
14366069b786c6ffb22786d1560d6ef4,2020-03-18 14:55:00,-23.493631362915,-46.559501647949,3.0,14.0
59a8d9e6a653878a202f9ef363d3caab,2020-03-18 14:55:00,-23.50428199768,-46.469081878662,3.0,14.0
df1a39d9ca0c42aeaded73f8871df419,2020-03-18 14:55:00,-23.466695785522,-46.528465270996,3.0,14.0
f351ee1747c15041760a72f4fc974d91,2020-03-18 14:55:00,-23.454851150512,-46.514141082763,3.0,14.0
cd4ae941e42a6dbc9d0786ffdb14c76f,2020-03-18 14:55:00,-23.478567123413,-46.463245391845,3.0,14.0
3f93fc8157ef88249242af2924e005b2,2020-03-18 14:55:00,-23.448890686035,-46.548049926757,3.0,14.0
1d988cd22fb79cb3a82877c9b1334715,2020-03-18 14:55:00,-23.472297668457,-46.463912963867,3.0,14.0
4181a8ba28dd43148e98e545ed12b0ec,2020-03-18 14:55:00,-23.452531814575,-46.514007568359,3.0,14.0
5d59df75e9815852adbe756060020668,2020-03-18 14:55:00,-23.491394042968,-46.50267791748,3.0,14.0
7af344051c9f5967508b9670acb512ba,2020-03-18 14:55:00,-23.459756851196,-46.518154144287,3.0,14.0
916b1a80a674759ed8525efbf4daef1a,2020-03-18 14:55:00,-23.467279434204,-46.532798767089,3.0,14.0
2f0033672b5d798d3367020fa452b7e3,2020-03-18 14:55:00,-23.503812789916,-46.550411224365,3.0,14.0
06451cc83dc4a745e696eb2e73e64698,2020-03-18 14:55:00,-23.499856948852,-46.522869110107,3.0,14.0
f4e0f38852ef321b7989a87a9639e419,2020-03-18 14:55:00,-23.513858795166,-46.529415130615,3.0,14.0
d82a6aeebacd0d348641bdf34ac8f7c9,2020-03-18 14:55:00,-23.453056335449,-46.522964477539,3.0,14.0
2ed6a6f9a132724cba40a0d0f13ca722,2020-03-18 14:55:00,-23.449865341186,-46.51964187622,3.0,14.0
70da22cedcdbf9dd9edc943555fe8d69,2020-03-18 14:55:00,-23.468742370605,-46.569541931152,3.0,14.0
898c823ce97aab66b5ef0fd1ca661b4c,2020-03-18 14:55:00,-23.507450103759,-46.489364624023,3.0,14.0
75113259a467a01a82f861858f8fe6f1,2020-03-18 14:55:00,-23.496471405029,-46.498081207275,3.0,14.0
9cad2939863acbd7d4edb8862736267f,2020-03-18 14:55:00,-23.452737808227,-46.467399597167,3.0,14.0
1882ae5c852a2ec6e86bafd90a8aac7f,2020-03-18 14:55:00,-23.456172943115,-46.471279144287,3.0,14.0
ba8935af160205287b377054f545d526,2020-03-18 14:55:00,-23.486236572265,-46.473949432373,3.0,14.0
3ca02578973b16995bb8cabab9904a60,2020-03-18 14:55:00,-23.459325790405,-46.482715606689,3.0,14.0
d2de7bc0d53246e4028807ccff3b1402,2020-03-19 14:00:00,-23.487674713134,-46.565444946289,4.0,14.0
db1dfcacfe21d4a0d1c64a0f4dea013c,2020-03-19 14:05:00,-23.47431564331,-46.487323760986,4.0,14.0
338a1ad1f6555d34c026d7ba1539a9a5,2020-03-19 14:05:00,-23.430843353271,-46.50182723999,4.0,14.0
5ecfe17c34d737ec6000dab0ecc1768b,2020-03-19 14:10:00,-23.474445343017,-46.486083984375,4.0,14.0
df62a0ec5558467c98ee8e2186a504ae,2020-03-19 14:15:00,-23.472597122192,-46.520641326904,4.0,14.0
b2d6d7a9859ed774a290cf4a2b0e396f,2020-03-19 14:15:00,-23.465566635131,-46.521877288818,4.0,14.0
5c8f6a0817b75d11154049c0432c2bcd,2020-03-19 14:15:00,-23.468473434448,-46.508525848388,4.0,14.0
40b84ec87b3310096c943007b6414fbc,2020-03-19 14:20:00,-23.498601913452,-46.464721679687,4.0,14.0
a4656323683a31ec91af22bf8d0fde94,2020-03-19 14:25:00,-23.439668655395,-46.556644439697,4.0,14.0
551b18c6f57bf4abefc0b9e342d939d7,2020-03-19 14:25:00,-23.480752944946,-46.533435821533,4.0,14.0
2d9a2d0cf8cdc22b179656d3008c9060,2020-03-19 14:25:00,-23.457963943481,-46.48057937622,4.0,14.0
09cc6aff7aaf8fd22808a416539264b5,2020-03-19 14:25:00,-23.500370025634,-46.469703674316,4.0,14.0
05efccbae58c30d546424df0bdaafded,2020-03-19 14:25:00,-23.480710983276,-46.533420562744,4.0,14.0
e7d732816b80cbdbaf99c432dc02cb8f,2020-03-19 14:25:00,-23.515773773193,-46.499954223632,4.0,14.0
d0b9a6a56ca7fd6ebad617bcda8365a6,2020-03-19 14:30:00,-23.491769790649,-46.550670623779,4.0,14.0
07ae77c7e7c71ca1408acc092c5aa9c4,2020-03-19 14:30:00,-23.481708526611,-46.465579986572,4.0,14.0
46868fd2634463fcde7099c8912c3fa1,2020-03-19 14:30:00,-23.493913650512,-46.539981842041,4.0,14.0
68b2a1912770a15d0136395e9f25ef1d,2020-03-19 14:30:00,-23.451860427856,-46.551895141601,4.0,14.0
c48cb09f14f3f53fbbf8eaaecc296e5f,2020-03-19 14:30:00,-23.464115142822,-46.570007324218,4.0,14.0
e7cc151282e1bf2847ce7c7c060dae6a,2020-03-19 14:30:00,-23.488986968994,-46.559692382812,4.0,14.0
9ca88f7c3d669c4e000ccb177076f1a0,2020-03-19 14:30:00,-23.479724884033,-46.470462799072,4.0,14.0
ee2250453648b1492b64562138bff7f7,2020-03-19 14:35:00,-23.465950012207,-46.52241897583,4.0,14.0
922e573b1894702aa52e92e00ed98024,2020-03-19 14:35:00,-23.494401931762,-46.554283142089,4.0,14.0
57c92edcfa0693b766639b41562be12a,2020-03-19 14:35:00,-23.495153427124,-46.468833923339,4.0,14.0
f8d8f05f2763cc65dfbbe5d449d32091,2020-03-19 14:35:00,-23.49663734436,-46.543308258056,4.0,14.0
f23ee2c88e5ad2bdbc5cf3476c8dd7eb,2020-03-19 14:45:00,-23.471132278442,-46.454990386962,4.0,14.0
efc13ddd44abac570eb2144efd00cc22,2020-03-19 14:45:00,-23.514171600341,-46.525577545166,4.0,14.0
77cbf1fff7f2f12cea59f2dc4c38ca4d,2020-03-19 14:50:00,-23.455652236938,-46.507461547851,4.0,14.0
17d1597337419529816912d607f71561,2020-03-19 14:50:00,-23.481903076171,-46.525100708007,4.0,14.0
1e1fa6f704b9fa0b491f09387b61187f,2020-03-19 14:50:00,-23.490550994873,-46.479106903076,4.0,14.0
05114e3da07a0a8c9ab03004d29166be,2020-03-19 14:50:00,-23.516017913818,-46.535793304443,4.0,14.0
045cf83ab0722e782cf72d14e44adf98,2020-03-19 14:50:00,-23.497119903564,-46.557273864746,4.0,14.0
100587a3121e429aa829f2f7694a243c,2020-03-19 14:55:00,-23.466867446899,-46.523895263671,4.0,14.0
de8ba582749fcdd2043a24ba98f24fd2,2020-03-19 14:55:00,-23.477949142456,-46.55216217041,4.0,14.0
77b22bfa6911373654624b5e58d80ba0,2020-03-19 14:55:00,-23.442670822143,-46.540439605712,4.0,14.0
51e3fb34a0495f9e33c2c141aef74442,2020-03-19 14:55:00,-23.45781135559,-46.510765075683,4.0,14.0
61d211fc2144e75256080e2ab6bebe73,2020-03-19 14:55:00,-23.503927230834,-46.501983642578,4.0,14.0
644c597a8dfe5f8328757d7123125493,2020-03-19 14:55:00,-23.502281188964,-46.555480957031,4.0,14.0
47cd8a63829a2893b8305430ba99a820,2020-03-19 14:55:00,-23.467735290527,-46.511985778808,4.0,14.0
fcfcfb3f4115ee574f51d2627fb5175e,2020-03-19 14:55:00,-23.486850738525,-46.559604644775,4.0,14.0
98998204987c4ad32fd6c9ac017e9522,2020-03-19 14:55:00,-23.468332290649,-46.538162231445,4.0,14.0
2393d7a6a3258894acc34581978453fa,2020-03-19 14:55:00,-23.471117019653,-46.479511260986,4.0,14.0
955ad5499d0216b26161f05e4b62021f,2020-03-19 14:55:00,-23.465274810791,-46.531852722167,4.0,14.0
a8d6327e52892a46963182356dd5fbd7,2020-03-19 14:55:00,-23.489004135131,-46.559322357177,4.0,14.0
50669c97e6ceaf0dbc6168606f9f31eb,2020-03-19 14:55:00,-23.49494934082,-46.559661865234,4.0,14.0
59d3a4627ab44ef4ece61e41dd96a439,2020-03-19 14:55:00,-23.463228225708,-46.544971466064,4.0,14.0
d249ab6b4fbe881bfeeea701d15d105f,2020-03-19 14:55:00,-23.492765426635,-46.538566589355,4.0,14.0
be79ef35ece98897b70d6a005152e45b,2020-03-19 14:55:00,-23.486738204956,-46.565948486328,4.0,14.0
5154ebc46b8c04310432c62bb3dacd21,2020-03-19 14:55:00,-23.501888275146,-46.51972579956,4.0,14.0
2d1a4711f1e161936471920b5705cea8,2020-03-19 14:55:00,-23.480142593383,-46.469104766845,4.0,14.0
c9d972731e6d4c6cbb2c4e11db0bfa14,2020-03-19 14:55:00,-23.508026123046,-46.536186218261,4.0,14.0
eea8ddeebf2db1ea3752e756fc169543,2020-03-19 14:55:00,-23.495063781738,-46.468807220458,4.0,14.0
67d9f197e6745a8cbc6fb1eee288d526,2020-03-20 14:00:00,-23.508012771606,-46.477882385253,5.0,14.0
bfb9a9d5089f14a87f7046a57512b187,2020-03-20 14:00:00,-23.514122009277,-46.500709533691,5.0,14.0
869fa4220b942e59eb4ccfe38f62ac0d,2020-03-20 14:00:00,-23.506219863891,-46.476444244384,5.0,14.0
dcd2f3f312b6705fb06f4f9f1b55b55c,2020-03-20 14:00:00,-23.506534576416,-46.477401733398,5.0,14.0
56b0714e861fd6caf2e327d8d385ccb8,2020-03-20 14:00:00,-23.424066543579,-46.517402648925,5.0,14.0
f52a4826626d7bcbfed8c97745d6adbf,2020-03-20 14:00:00,-23.502239227294,-46.53465270996,5.0,14.0
803f26da6f800309fd9975a605a89d94,2020-03-20 14:00:00,-23.520984649658,-46.508415222167,5.0,14.0
38d295ed177ad08c5d70a166496d3869,2020-03-20 14:05:00,-23.482940673828,-46.536895751953,5.0,14.0
a3c656851e3b41aecf785046d44fd54d,2020-03-20 14:05:00,-23.47834777832,-46.518363952636,5.0,14.0
ad3fdacdc8e08004cb9f67694ce65a87,2020-03-20 14:10:00,-23.520318984985,-46.518321990966,5.0,14.0
a992ec92129aa90ea305b8de6cff5f4b,2020-03-20 14:10:00,-23.4553565979,-46.474021911621,5.0,14.0
0237e3fc730282fd48eb4345a4269308,2020-03-20 14:15:00,-23.480323791503,-46.521942138671,5.0,14.0
50e73f6622fe362f4a15bc99c4314681,2020-03-20 14:15:00,-23.488458633422,-46.561733245849,5.0,14.0
921f42a2ec2769c7f100eaea88c8bf8b,2020-03-20 14:15:00,-23.485425949096,-46.474647521972,5.0,14.0
a5e88b522720ab57f11f5ff833d7cdd6,2020-03-20 14:15:00,-23.488847732543,-46.565490722656,5.0,14.0
cfbc6afee311e1c3c60e10654c0d8a9e,2020-03-20 14:15:00,-23.485433578491,-46.540565490722,5.0,14.0
b10300a7979c0506c24adfb6928ccad0,2020-03-20 14:20:00,-23.4569606781,-46.565479278564,5.0,14.0
84642414116f7aef0847a406edd44ef0,2020-03-20 14:20:00,-23.463872909545,-46.495532989501,5.0,14.0
7e61c4dc224bdc8a65b0df99fd9b3ec6,2020-03-20 14:20:00,-23.49061012268,-46.559017181396,5.0,14.0
b406bc7b99105313802465b965412819,2020-03-20 14:25:00,-23.47435760498,-46.492603302001,5.0,14.0
2530774388ed62669a7c0d3c3d83fe30,2020-03-20 14:25:00,-23.4609375,-46.55997467041,5.0,14.0
6448c691c45b0614fcedb4417da270d1,2020-03-20 14:25:00,-23.51364326477,-46.54076385498,5.0,14.0
1c2d425793c3cb1c10808d99db7a5e7f,2020-03-20 14:30:00,-23.521186828613,-46.517398834228,5.0,14.0
1f784aa359970a977d162ed9d7842f7c,2020-03-20 14:30:00,-23.479194641113,-46.536487579345,5.0,14.0
432ebb0d4b2f6084266e88e050f5da94,2020-03-20 14:30:00,-23.494764328002,-46.554973602294,5.0,14.0
4f47237137897d837a7ea509a728cce3,2020-03-20 14:30:00,-23.507837295532,-46.491981506347,5.0,14.0
c838ec11adcb8085c780b5012ed7c965,2020-03-20 14:30:00,-23.462713241577,-46.532405853271,5.0,14.0
a1bcb35ad47c2bd4966ef937425b875f,2020-03-20 14:40:00,-23.5129032135,-46.516193389892,5.0,14.0
6becd294eee3a2cf44e61c1e51919e80,2020-03-20 14:40:00,-23.48776435852,-46.54446029663,5.0,14.0
92aaaf3bac2991e3c26e13c92ab3c935,2020-03-20 14:40:00,-23.414405822753,-46.513725280761,5.0,14.0
a7dd9ddbf7bb82f284380c5d3302c21a,2020-03-20 14:40:00,-23.519275665283,-46.512470245361,5.0,14.0
0851fda373742f8f83909825fe005f7c,2020-03-20 14:40:00,-23.469087600708,-46.568962097167,5.0,14.0
9c7d5cc298071b360c2e3b77042ff9b7,2020-03-20 14:40:00,-23.514591217041,-46.506618499755,5.0,14.0
67baa637b0629a206ccf806db9e42a12,2020-03-20 14:40:00,-23.496885299682,-46.556209564208,5.0,14.0
d8da53844282578c02828bc87dc46f58,2020-03-20 14:45:00,-23.451236724853,-46.46450805664,5.0,14.0
b3ec7b03a6815d66099e3ad767fac939,2020-03-20 14:45:00,-23.507318496704,-46.477851867675,5.0,14.0
f751bb5bced9eb1d839879ee2807bb28,2020-03-20 14:45:00,-23.471035003662,-46.570083618164,5.0,14.0
b5d0f4a37e20caed1b2fec2eb6a2e231,2020-03-20 14:45:00,-23.507328033447,-46.478527069091,5.0,14.0
47e4b5d1a1fcbf0640b2ec737958e396,2020-03-20 14:45:00,-23.514692306518,-46.519973754882,5.0,14.0
378ee3f44e11ccb8ee5fe23c3bf328b0,2020-03-20 14:50:00,-23.462324142456,-46.491584777832,5.0,14.0
ffdb5ceab0617e621e87d6169c0c3806,2020-03-20 14:50:00,-23.474870681762,-46.523578643798,5.0,14.0
3af4b52cd6f0a85ff636855618298350,2020-03-20 14:50:00,-23.4898853302,-46.547958374023,5.0,14.0
cb4b8db443d0e9f174c6563ede6d8a88,2020-03-20 14:50:00,-23.464519500732,-46.497489929199,5.0,14.0
4323f5975fa1b8fcbbf8f804e056a5a0,2020-03-20 14:50:00,-23.513994216918,-46.53804397583,5.0,14.0
02b3b7e839eeb84179604848147e5c5f,2020-03-20 14:50:00,-23.477708816528,-46.528945922851,5.0,14.0
16f83e467f9911d96bd08caa97ec5d0b,2020-03-20 14:55:00,-23.470527648925,-46.556297302246,5.0,14.0
4202df1487b9fd6030280541626beee8,2020-03-20 14:55:00,-23.492561340332,-46.545749664306,5.0,14.0
b181603adc2dc128eabfe05df029c160,2020-03-20 14:55:00,-23.492422103881,-46.541313171386,5.0,14.0
d3c72e9ce3e5d94a4d58cdea05d46dc3,2020-03-20 14:55:00,-23.483322143554,-46.536849975585,5.0,14.0
fef218a2eb315c218cdaef7129a7a6cc,2020-03-20 14:55:00,-23.428880691528,-46.513244628906,5.0,14.0
e40a71cb2cf00a6e1d4b8e7162133951,2020-03-20 14:55:00,-23.43783378601,-46.516513824462,5.0,14.0
0ea446fda23493756be70e93607c1b61,2020-03-20 14:55:00,-23.465179443359,-46.525363922119,5.0,14.0
dce92ba24b47d87a2044e0facb86e9d2,2020-03-20 14:55:00,-23.463842391967,-46.499034881591,5.0,14.0
d40f66291cddadc492681a591c1e5495,2020-03-20 14:55:00,-23.428258895874,-46.512645721435,5.0,14.0
96948ca9dd402f3142d3ebd684f2a210,2020-03-20 14:55:00,-23.486919403076,-46.471942901611,5.0,14.0
e32c9031b9fe62a5aeb2f21b39150a8e,2020-03-20 14:55:00,-23.489522933959,-46.5471534729,5.0,14.0
a00e89776248017132d3f022d5c652ac,2020-03-20 14:55:00,-23.44497680664,-46.466220855712,5.0,14.0
91c126e6cb556794a5eb95d323a6f240,2020-03-20 14:55:00,-23.455642700195,-46.505756378173,5.0,14.0
3f2f3481ca884d79dcd6f8f458e2e85c,2020-03-20 14:55:00,-23.492238998413,-46.545886993408,5.0,14.0
f0b9b722dedff4ef92e0f8c48ba92034,2020-03-20 14:55:00,-23.518396377563,-46.510746002197,5.0,14.0
4e1bb19e7c9fda367cf1fd3782efb708,2020-03-20 14:55:00,-23.460985183715,-46.523307800292,5.0,14.0
73a2b1adbe7482916abb3834ff27aa5c,2020-03-20 14:55:00,-23.42908668518,-46.537403106689,5.0,14.0
111770faeb96b292ff861dd5e654a2bc,2020-03-20 14:55:00,-23.480863571166,-46.556636810302,5.0,14.0
ab751770395b86a511254a8bf673e7f0,2020-03-20 14:55:00,-23.461412429809,-46.511657714843,5.0,14.0
33ac1581372bbbf7b8383c70ec9f95c2,2020-03-20 14:55:00,-23.442640304565,-46.501102447509,5.0,14.0
62df927bad844d891cd697f08fa25321,2020-03-20 14:55:00,-23.461744308471,-46.524093627929,5.0,14.0
519b95dc19454e3fc0af5c6f0e835a66,2020-03-20 14:55:00,-23.490980148315,-46.489788055419,5.0,14.0
88193db3be50b58f1afbda30a42c6376,2020-03-20 14:55:00,-23.426635742187,-46.53970336914,5.0,14.0
07625401c9e971c50343fe964a1532ad,2020-03-20 14:55:00,-23.475257873535,-46.546939849853,5.0,14.0
81ab440af82aa1d2e62139c578b6c274,2020-03-20 14:55:00,-23.474355697631,-46.47822189331,5.0,14.0
028df2d568b1c02708cc10f134b8409d,2020-03-20 14:55:00,-23.467761993408,-46.512084960937,5.0,14.0
79fb1235dc0d070fabc0da53f02e0038,2020-03-20 14:55:00,-23.5064163208,-46.54494857788,5.0,14.0
0b9f14db1cbc5aaa4c79182872b21651,2020-03-20 14:55:00,-23.47529220581,-46.523990631103,5.0,14.0
b68a744203de61401c54be5157cf9342,2020-03-20 14:55:00,-23.465196609497,-46.525177001953,5.0,14.0
8072e512102b794c08f3479a856c0796,2020-03-20 14:55:00,-23.513984680175,-46.531707763671,5.0,14.0
199f8bb31e275bedca1f809520b4d685,2020-03-20 14:55:00,-23.513586044311,-46.541618347167,5.0,14.0
3e333505bf7be91d4c114c1e6e162084,2020-03-20 14:55:00,-23.511346817016,-46.502952575683,5.0,14.0
f6847b65d902ae32898e3199b6128444,2020-03-20 14:55:00,-23.490665435791,-46.477680206298,5.0,14.0
528d5891df11af04a9f2246848d8d818,2020-03-20 14:55:00,-23.462162017822,-46.523258209228,5.0,14.0
a338091022424012d5c187c4f52f3a0d,2020-03-20 14:55:00,-23.503034591674,-46.525844573974,5.0,14.0
2325857b61dd29639f04007aa11aeeea,2020-03-20 14:55:00,-23.46085357666,-46.519859313964,5.0,14.0
5b5baa178fd1ed61a9b52432f7b51d2b,2020-03-23 14:00:00,-23.507507324218,-46.542381286621,1.0,14.0
6e0a5347fe2cd4aa89abcc0196f8f3bd,2020-03-23 14:05:00,-23.509227752685,-46.549545288085,1.0,14.0
76a9d5457755934d7cbd90f1807dcc6b,2020-03-23 14:05:00,-23.458600997924,-46.481475830078,1.0,14.0
bb1bd692942c5d95c7c25611adfe347f,2020-03-23 14:05:00,-23.493495941162,-46.559280395507,1.0,14.0
3c1266d4950a3575bcb0c61c92acdaeb,2020-03-23 14:05:00,-23.468441009521,-46.513324737548,1.0,14.0
277927f11c17a4e0e5136b091afd839b,2020-03-23 14:05:00,-23.490020751953,-46.559104919433,1.0,14.0
68db2328e2ea653ae141548655788212,2020-03-23 14:05:00,-23.481056213378,-46.560283660888,1.0,14.0
06d1f3b58fce020ee4806e4d83120865,2020-03-23 14:10:00,-23.45984840393,-46.484752655029,1.0,14.0
c6351f9aebae5a4c1cd1a33dded791f4,2020-03-23 14:10:00,-23.504322052001,-46.551929473876,1.0,14.0
977f6f5f8bd5054b7ec5f72374d5e68d,2020-03-23 14:10:00,-23.467622756958,-46.507057189941,1.0,14.0
b95574fa4de35c56016d5d0dede1439d,2020-03-23 14:10:00,-23.43218421936,-46.551727294921,1.0,14.0
2980900530a5089175f58cf135c67f49,2020-03-23 14:15:00,-23.507982254028,-46.486541748046,1.0,14.0
ca6a6b1fc89802352502485ca7b0b4c0,2020-03-23 14:15:00,-23.514562606811,-46.519691467285,1.0,14.0
ed0878a9bd774c6ed5f372bf43b45635,2020-03-23 14:15:00,-23.474054336547,-46.480228424072,1.0,14.0
59b41466f8ce7f334214df092fd59d52,2020-03-23 14:15:00,-23.497093200683,-46.558147430419,1.0,14.0
fdc998e2466a148f45587e2281a26325,2020-03-23 14:15:00,-23.474863052368,-46.524234771728,1.0,14.0
268b02f3817126c31016f23e1e96a312,2020-03-23 14:20:00,-23.511070251464,-46.497932434082,1.0,14.0
1650806b04f899afa14597109cd25e2c,2020-03-23 14:20:00,-23.487688064575,-46.531505584716,1.0,14.0
4aa57c144773505b64c1f6060843baa8,2020-03-23 14:20:00,-23.47163772583,-46.543617248535,1.0,14.0
4da77fd24e5ccaf5f531495ee42b4c77,2020-03-23 14:20:00,-23.495248794555,-46.555355072021,1.0,14.0
86943881848e9093aeecb435cba1e324,2020-03-23 14:25:00,-23.482822418212,-46.559692382812,1.0,14.0
d41bc50f15341d647b4cdd5d39ba8491,2020-03-23 14:25:00,-23.472364425659,-46.503070831298,1.0,14.0
d2b2ac1852d518ac4a64a2133de2bbbc,2020-03-23 14:25:00,-23.478897094726,-46.471675872802,1.0,14.0
aa87f9ff5d48e003a9d19aa728494bf4,2020-03-23 14:25:00,-23.48507118225,-46.559978485107,1.0,14.0
08ae473cdbdc0291b59f8e53736b2155,2020-03-23 14:25:00,-23.486568450927,-46.55936050415,1.0,14.0
c9b71c02762b5c100614ff1c26ea2ead,2020-03-23 14:25:00,-23.481321334838,-46.559989929199,1.0,14.0
7147d153f608f0fe4630e267a5ccba1c,2020-03-23 14:30:00,-23.48850440979,-46.545612335205,1.0,14.0
e13e5548cfe221b380cb1bddd809e1fa,2020-03-23 14:30:00,-23.449409484863,-46.546306610107,1.0,14.0
8a5066578ab5c90f1a487831d75824bf,2020-03-23 14:30:00,-23.475656509399,-46.514167785644,1.0,14.0
317d96174ed33ed18925892b4c01b398,2020-03-23 14:30:00,-23.451784133911,-46.545352935791,1.0,14.0
008c3afc12cf1a2be1e22cc6e6357b86,2020-03-23 14:35:00,-23.50196647644,-46.534049987792,1.0,14.0
45604a3046b4711f8fa8d0ad217c680b,2020-03-23 14:35:00,-23.441017150878,-46.545825958251,1.0,14.0
8e3dc10ce9541720c944bfb5edd13101,2020-03-23 14:35:00,-23.512214660644,-46.541511535644,1.0,14.0
0c7b713864b7bbcca2f13d9b45d0d90f,2020-03-23 14:40:00,-23.50454711914,-46.538551330566,1.0,14.0
f548c0a7c27ea8cb6e21ce8469c55591,2020-03-23 14:40:00,-23.514772415161,-46.48875427246,1.0,14.0
f25caba806fe6a5b2673023021d53b2a,2020-03-23 14:40:00,-23.51572227478,-46.485195159912,1.0,14.0
047216f3c6e466c57f5489258822036e,2020-03-23 14:40:00,-23.517154693603,-46.489025115966,1.0,14.0
6e547dbec208cb5604e5d37e3fc66e3a,2020-03-23 14:40:00,-23.420375823974,-46.491275787353,1.0,14.0
e38115a1d6d13ce50b3872511ef6a6cd,2020-03-23 14:40:00,-23.439949035644,-46.544033050537,1.0,14.0
4e0cee38bdffc1d8db56f15c8a2a2b3d,2020-03-23 14:40:00,-23.482625961303,-46.536479949951,1.0,14.0
df51be51415bb83b52ea6a4be0093c70,2020-03-23 14:40:00,-23.52011680603,-46.52624130249,1.0,14.0
0fdb7e1d4829cb7ed6a753e619c3e8f4,2020-03-23 14:40:00,-23.487201690673,-46.544700622558,1.0,14.0
987d9054637cff7b6adff5e0c4233607,2020-03-23 14:45:00,-23.514440536499,-46.527206420898,1.0,14.0
a613d20807ab1699d07446e7925e1d1e,2020-03-23 14:45:00,-23.517370223999,-46.51549911499,1.0,14.0
44c1c5fe77ba631d01021a8aace0009c,2020-03-23 14:45:00,-23.450777053833,-46.459865570068,1.0,14.0
ac1984814576d6c541c1cbb8c0b41ebc,2020-03-23 14:45:00,-23.473413467407,-46.552890777587,1.0,14.0
8cf7d5a9606b24754a46b4fbcf1cd938,2020-03-23 14:50:00,-23.473609924316,-46.492515563964,1.0,14.0
bd3c6dd171f768d0e465bae1e1001e02,2020-03-23 14:50:00,-23.491436004638,-46.461589813232,1.0,14.0
0d412b8eba7039906ffecd6fc4a722a9,2020-03-23 14:50:00,-23.513645172119,-46.542381286621,1.0,14.0
076a1bc683d4bd38d5051d4490700dc8,2020-03-23 14:50:00,-23.506341934204,-46.476741790771,1.0,14.0
5bacad1a54544b6151658437c27cda9e,2020-03-23 14:50:00,-23.477375030517,-46.560997009277,1.0,14.0
e605cb9e35d6e9713b7807567a983ee9,2020-03-23 14:50:00,-23.467617034912,-46.523208618164,1.0,14.0
d118de60efdfedabe7adc1604e47015e,2020-03-23 14:55:00,-23.5205078125,-46.500335693359,1.0,14.0
c9d4e442e4a9904f10dcb433851c3cfb,2020-03-23 14:55:00,-23.470489501953,-46.551086425781,1.0,14.0
d6fb4359c0d39377c21dccbfc04d2199,2020-03-23 14:55:00,-23.457248687744,-46.51305770874,1.0,14.0
95034974834d8d6ad93694bdb6d1886b,2020-03-23 14:55:00,-23.453609466552,-46.51647567749,1.0,14.0
fac0600dc095dfb6a1294d651a068b3a,2020-03-23 14:55:00,-23.487768173217,-46.545143127441,1.0,14.0
c023b8bd39b6b6c3c1b23e57a97308b6,2020-03-23 14:55:00,-23.49273109436,-46.49970626831,1.0,14.0
9d2952041c1e6087a3074158ad8f32f7,2020-03-23 14:55:00,-23.496932983398,-46.515468597412,1.0,14.0
775285ca0eff725d10b8ff74c9fffb10,2020-03-23 14:55:00,-23.507400512695,-46.496234893798,1.0,14.0
b78ee59880dfca5ff7bb873413f09d91,2020-03-23 14:55:00,-23.470445632934,-46.56615447998,1.0,14.0
b3224a14ba75840086b45e3510a4440d,2020-03-23 14:55:00,-23.464426040649,-46.516876220703,1.0,14.0
3a6430ccda63161354c5c81e538e7196,2020-03-23 14:55:00,-23.465257644653,-46.518405914306,1.0,14.0
18b19482174a97f9e996f6d120e6ea3d,2020-03-23 14:55:00,-23.453622817993,-46.557479858398,1.0,14.0
1240e94f0ce384a77232217821831153,2020-03-23 14:55:00,-23.467693328857,-46.511821746826,1.0,14.0
485cd38e37eb1063805e2fc77b118783,2020-03-23 14:55:00,-23.453910827636,-46.555656433105,1.0,14.0
fc1bb7097b611ea1be7b0dfe9d908428,2020-03-23 14:55:00,-23.502561569213,-46.499053955078,1.0,14.0
af95cfa33d508c01d31fe66236485e37,2020-03-23 14:55:00,-23.505004882812,-46.476772308349,1.0,14.0
ac8c181160dc99385bec51be806dc707,2020-03-23 14:55:00,-23.445247650146,-46.510692596435,1.0,14.0
4e54d70fea5046fa0bd23cd0f4df3e94,2020-03-23 14:55:00,-23.464862823486,-46.501678466796,1.0,14.0
3ff9a50966119e07c96e3e8e8c1f245c,2020-03-23 14:55:00,-23.508203506469,-46.536529541015,1.0,14.0
459a8fa196a5ac0a09030a2b86a42e38,2020-03-23 14:55:00,-23.520191192626,-46.500827789306,1.0,14.0
42da1c043b1cc4c0eb075cea1bf11384,2020-03-23 14:55:00,-23.518722534179,-46.518245697021,1.0,14.0
778fb96b4a8aee5d61352a97bfc4d348,2020-03-23 14:55:00,-23.448293685913,-46.564598083496,1.0,14.0
42580b213cdd446c7e4eddbe8f0b79e3,2020-03-23 14:55:00,-23.458013534545,-46.493476867675,1.0,14.0
fde868c7c34586fb2d5cef4e8fe483a3,2020-03-23 14:55:00,-23.459514617919,-46.519477844238,1.0,14.0
90dd303abffdd2a14f11d4819e795dc9,2020-03-23 14:55:00,-23.512367248535,-46.482036590576,1.0,14.0
54e4be5fe904c3c7e8ebc751b5b87e10,2020-03-23 14:55:00,-23.507591247558,-46.516952514648,1.0,14.0
627cba986ff61bd900981af4e3b6801b,2020-03-23 14:55:00,-23.449640274047,-46.536415100097,1.0,14.0
53a4f68965ab3e22708194ed301a7e92,2020-03-23 14:55:00,-23.437564849853,-46.547859191894,1.0,14.0
143a3500746af9becd8cea0e97a8ef7a,2020-03-23 14:55:00,-23.505695343017,-46.482990264892,1.0,14.0
74cb7db337996f9e694da8f3975c971a,2020-03-23 14:55:00,-23.467817306518,-46.5119972229,1.0,14.0
31795fb5afe99a14f848e6d6ab3dcb0e,2020-03-23 14:55:00,-23.489671707153,-46.545043945312,1.0,14.0
636e6a20208646c0f065b2f89f5d39cd,2020-03-23 14:55:00,-23.474349975585,-46.561553955078,1.0,14.0
8323c7454e084b3ca09fe536085b406d,2020-03-23 14:55:00,-23.454652786254,-46.565319061279,1.0,14.0
674db24cc44c2b7d16f87303153a2898,2020-03-23 14:55:00,-23.44871520996,-46.548244476318,1.0,14.0
babfa25963d37030a340984d9d063321,2020-03-23 14:55:00,-23.510850906372,-46.519355773925,1.0,14.0
506aae33e91f91006b62fb649c804ad3,2020-03-23 14:55:00,-23.496534347534,-46.558078765869,1.0,14.0
19bce4f2bd392692c6f90cd22a31ca32,2020-03-23 14:55:00,-23.463390350341,-46.533386230468,1.0,14.0
fb8062d98de2413ae3bb5953582ba9b3,2020-03-23 14:55:00,-23.447572708129,-46.508689880371,1.0,14.0
6f6a4e024faaed4d17d541a758cb00c7,2020-03-23 14:55:00,-23.458707809448,-46.484832763671,1.0,14.0
eb7e8df20aa93ae571f506153de0fe84,2020-03-23 14:55:00,-23.4631690979,-46.526931762695,1.0,14.0
b7139133563ba5099c1db9e89974d6d9,2020-03-23 14:55:00,-23.446641921997,-46.498271942138,1.0,14.0
d15f2fcbb88829b2ffdb724edaf5a0e6,2020-03-23 14:55:00,-23.456811904907,-46.503601074218,1.0,14.0
7f4debe20a2459efc36354c302f01197,2020-03-23 14:55:00,-23.467468261718,-46.556171417236,1.0,14.0
c83dfc0548a691e6328588bf4d99cf91,2020-03-24 14:00:00,-23.490436553955,-46.548572540283,2.0,14.0
ebe2082030878c120de0d8ed46d5f63f,2020-03-24 14:00:00,-23.502143859863,-46.477939605712,2.0,14.0
03c85ce82febe2cbc45a639ae8a1432a,2020-03-24 14:00:00,-23.487274169921,-46.466114044189,2.0,14.0
dd64dd0798b422ac9d428d959a5d489b,2020-03-24 14:00:00,-23.517559051513,-46.529876708984,2.0,14.0
2022174bdeee98588273b95689d69107,2020-03-24 14:00:00,-23.50747680664,-46.489059448242,2.0,14.0
2c467f612c44ed86821eba393e54df21,2020-03-24 14:00:00,-23.484767913818,-46.56509399414,2.0,14.0
a3cc6010a9fb41aac150a92bcf91fac7,2020-03-24 14:00:00,-23.48861503601,-46.545845031738,2.0,14.0
4416d590c9179a08081ba762d365b799,2020-03-24 14:05:00,-23.457195281982,-46.464344024658,2.0,14.0
1c0eeca883e5618bf1a713bc0776ae83,2020-03-24 14:05:00,-23.514375686645,-46.536170959472,2.0,14.0
22c0ca63bbf326309ab2a28351ca6026,2020-03-24 14:05:00,-23.468055725097,-46.546432495117,2.0,14.0
b6565c7d4504a5fec70525204038be38,2020-03-24 14:05:00,-23.471557617187,-46.565189361572,2.0,14.0
87c374865597d97762f193683017e83a,2020-03-24 14:05:00,-23.473857879638,-46.522968292236,2.0,14.0
38d2832ae8e4d19297a31c56ceead140,2020-03-24 14:10:00,-23.441087722778,-46.529941558837,2.0,14.0
2955379a72b8a88ac572015df0b547e8,2020-03-24 14:10:00,-23.435403823852,-46.547569274902,2.0,14.0
379c813c2b7b401124cf637a56b9d2e9,2020-03-24 14:10:00,-23.469768524169,-46.568527221679,2.0,14.0
f6f54adfd661658b295d5d4f3926275e,2020-03-24 14:10:00,-23.476623535156,-46.527290344238,2.0,14.0
5c1bcd1407cdd3d4439d55c2ba2a6eac,2020-03-24 14:10:00,-23.483903884887,-46.539314270019,2.0,14.0
c9d0f2e8cd654c010be6701a9a486ba2,2020-03-24 14:10:00,-23.469676971435,-46.514587402343,2.0,14.0
0052e0a5b243cb0855827577443dcf97,2020-03-24 14:15:00,-23.462003707885,-46.491588592529,2.0,14.0
e8a73e8ba06be0a5e9ca1bdd33f1d476,2020-03-24 14:15:00,-23.513942718505,-46.530048370361,2.0,14.0
8cc69800dca2a01a6ce60340bf6a2331,2020-03-24 14:15:00,-23.514995574951,-46.531871795654,2.0,14.0
3499bd06cbc7e74dc3b9e01b6712fb57,2020-03-24 14:15:00,-23.472774505615,-46.533836364746,2.0,14.0
caca4957c42b6115ab5cc2a2c25072a3,2020-03-24 14:15:00,-23.51452255249,-46.5200881958,2.0,14.0
d530559e1f7333434231f8cba7d75e05,2020-03-24 14:15:00,-23.480791091918,-46.533622741699,2.0,14.0
eaec723959426b15f2fa92a8f8f9ff81,2020-03-24 14:20:00,-23.492797851562,-46.552177429199,2.0,14.0
3cc470709c7a63b532cd7ae3e5d6269d,2020-03-24 14:20:00,-23.473302841186,-46.521839141845,2.0,14.0
427ca7128ab85cfd86c74afb3ecd73f9,2020-03-24 14:20:00,-23.467733383178,-46.511833190917,2.0,14.0
fb4cebc86ab4459a0b4162822ccd422a,2020-03-24 14:25:00,-23.470849990844,-46.518894195556,2.0,14.0
2a0112c852363524351f806318558f8b,2020-03-24 14:25:00,-23.49623298645,-46.470542907714,2.0,14.0
8e5c0bf74ed97d0dafe4377561b2cfce,2020-03-24 14:25:00,-23.490320205688,-46.548484802246,2.0,14.0
3016797f1d9c2a9d250f524327ca027d,2020-03-24 14:25:00,-23.463134765625,-46.474708557128,2.0,14.0
86109d400f0ed29e840b47ed72777c84,2020-03-24 14:25:00,-23.490400314331,-46.548706054687,2.0,14.0
a4e937fc971ab58c1377a1dfef46f909,2020-03-24 14:25:00,-23.43684387207,-46.495098114013,2.0,14.0
33a00f008a151b6bf88bb0e59f455807,2020-03-24 14:25:00,-23.465185165405,-46.499137878417,2.0,14.0
c04a545458ed71734f73ee99e59dbe4d,2020-03-24 14:30:00,-23.491453170776,-46.554317474365,2.0,14.0
1709cc106f27550b1fb9829a2fd01012,2020-03-24 14:30:00,-23.437217712402,-46.516273498535,2.0,14.0
fcfd1ffd5503fc3c84d0a40e035ac1fd,2020-03-24 14:30:00,-23.494173049926,-46.553974151611,2.0,14.0
045bcd1da40ea5380d80902c90618660,2020-03-24 14:30:00,-23.48218345642,-46.5357131958,2.0,14.0
87af382873ac12864910362ccc332497,2020-03-24 14:30:00,-23.458862304687,-46.563682556152,2.0,14.0
2744a05e307d4e4eb694af6d7f0885f3,2020-03-24 14:30:00,-23.503007888793,-46.5263671875,2.0,14.0
0cbb6e3208b4775d4c85d2d197f54687,2020-03-24 14:30:00,-23.487970352172,-46.544979095458,2.0,14.0
5e41cbbacc995e723e0a42f3ee9edb5a,2020-03-24 14:30:00,-23.478685379028,-46.566780090332,2.0,14.0
39d5b9124f92c1b1a41c55894b0c4436,2020-03-24 14:35:00,-23.457054138183,-46.566585540771,2.0,14.0
622a6d1627cab7ef74fc7f51cf068358,2020-03-24 14:35:00,-23.486349105834,-46.456993103027,2.0,14.0
16ef45096655b165a472046a14677c1a,2020-03-24 14:35:00,-23.490436553955,-46.548683166503,2.0,14.0
513e23752d0636f5fea7d21eea6d47fc,2020-03-24 14:35:00,-23.484102249145,-46.538764953613,2.0,14.0
ff6865d1092b729f34f174af6d01a11b,2020-03-24 14:35:00,-23.480407714843,-46.560108184814,2.0,14.0
64da5a86bc84f3454b4dd13b6979387f,2020-03-24 14:35:00,-23.483692169189,-46.559936523437,2.0,14.0
ffb12f6fe6339fe910736f3050ef4638,2020-03-24 14:35:00,-23.487184524536,-46.466102600097,2.0,14.0
c9b5c97c4b1e6aefe7f6a3c08272a8a4,2020-03-24 14:35:00,-23.506732940673,-46.52197265625,2.0,14.0
e37834b1f5d8f6b231e703570307d91b,2020-03-24 14:35:00,-23.488174438476,-46.507934570312,2.0,14.0
cf2995db92ecaf7c2b52179f1cd6abdc,2020-03-24 14:35:00,-23.419170379638,-46.523635864257,2.0,14.0
a14f47ba9abcfe6de1e408de43c96aee,2020-03-24 14:35:00,-23.451881408691,-46.560981750488,2.0,14.0
7c5df5d718b91ced3e152e6cee32d634,2020-03-24 14:40:00,-23.504011154174,-46.529644012451,2.0,14.0
d9e5b3e40768c89a06553904d4d86b0d,2020-03-24 14:40:00,-23.438343048095,-46.536632537841,2.0,14.0
0dca26b7239c1259f14b21c8b86555b7,2020-03-24 14:40:00,-23.467653274536,-46.511817932128,2.0,14.0
11029981521f137a5934de2b536299da,2020-03-24 14:40:00,-23.424827575683,-46.533237457275,2.0,14.0
e7e229970fddc14df7df0d90f4a8ff0c,2020-03-24 14:45:00,-23.482330322265,-46.462787628173,2.0,14.0
4bedead6310a28e3e3f22be918e78adf,2020-03-24 14:45:00,-23.474340438842,-46.48486328125,2.0,14.0
6091d0ada7c05daf6103b00827b0903b,2020-03-24 14:45:00,-23.473594665527,-46.492084503173,2.0,14.0
548f920b5ee48bfc92514a597583dc26,2020-03-24 14:45:00,-23.454315185546,-46.471858978271,2.0,14.0
694e48a4102125236ae8fd51aebaffb1,2020-03-24 14:45:00,-23.504821777343,-46.522087097167,2.0,14.0
afe30e7af0aff2ad119587877df76696,2020-03-24 14:45:00,-23.512893676757,-46.538856506347,2.0,14.0
ec5c9f500792ca4938b029b88d441f84,2020-03-24 14:45:00,-23.461696624755,-46.491153717041,2.0,14.0
125ad72db8e5a09c2aa784082562a408,2020-03-24 14:45:00,-23.488269805908,-46.545291900634,2.0,14.0
a393f2b6ac636c0e93e1a4753f94fbeb,2020-03-24 14:45:00,-23.420818328857,-46.505043029785,2.0,14.0
fe7f4573a834e684cc77592f1f9dcf4b,2020-03-24 14:45:00,-23.473327636718,-46.531337738037,2.0,14.0
2e019a755edb23803507d3d6527e42ed,2020-03-24 14:45:00,-23.465522766113,-46.500217437744,2.0,14.0
db845a4d2f9def8c8ebd53a482c46858,2020-03-24 14:45:00,-23.425809860229,-46.508289337158,2.0,14.0
31bc5644ae198ad96dd9f2438bfdae3a,2020-03-24 14:45:00,-23.496490478515,-46.557235717773,2.0,14.0
fa959bfa3a6577e38560f4b1149fa8d7,2020-03-24 14:45:00,-23.436506271362,-46.535221099853,2.0,14.0
cea8ce5bd901d2d44ffad2da8e49a6d9,2020-03-24 14:50:00,-23.469514846801,-46.513145446777,2.0,14.0
79aa4c3541ea7da5af1fb05673a77428,2020-03-24 14:50:00,-23.501186370849,-46.544631958007,2.0,14.0
a61bb59635465578f8c3b10113eeca9d,2020-03-24 14:50:00,-23.435209274291,-46.543788909912,2.0,14.0
aad7992c7e33a3a0e3a541015c0704fb,2020-03-24 14:50:00,-23.497137069702,-46.550117492675,2.0,14.0
064f69f174055935a2f57329baaf2557,2020-03-24 14:50:00,-23.488681793212,-46.532760620117,2.0,14.0
95b5f347a53afdf4b0487a14f08ae803,2020-03-24 14:50:00,-23.475652694702,-46.569702148437,2.0,14.0
62e42b83e0c4a7d73b689ebb97563732,2020-03-24 14:50:00,-23.499618530273,-46.468429565429,2.0,14.0
a09f5fd59da5ae2bff5989a5a7583243,2020-03-24 14:50:00,-23.425922393798,-46.502784729003,2.0,14.0
24589308cb7f97f85b9efc4dfb2ca2d0,2020-03-24 14:50:00,-23.484550476074,-46.539463043212,2.0,14.0
096dc5b457d955df743827f497ff83af,2020-03-24 14:50:00,-23.41647529602,-46.497314453125,2.0,14.0
19bcfc2ec6e32ba0b8effa4ecac8da7e,2020-03-24 14:55:00,-23.47640800476,-46.530445098876,2.0,14.0
289811f8a30ebd69fe7215c3f8598abf,2020-03-24 14:55:00,-23.507938385009,-46.50161743164,2.0,14.0
7cd86e410480e6d75a1b8ebcc629890c,2020-03-24 14:55:00,-23.468025207519,-46.512599945068,2.0,14.0
3a03636ea5acd5146158180b0804dcec,2020-03-24 14:55:00,-23.464733123779,-46.52151107788,2.0,14.0
3b566de483b09607b1f26137be53e961,2020-03-24 14:55:00,-23.476663589477,-46.560585021972,2.0,14.0
052b4f7e283a138e80ed0c5d23ac51ac,2020-03-24 14:55:00,-23.506572723388,-46.473316192626,2.0,14.0
884444820b2e0eb3bfac7debf46a3aad,2020-03-24 14:55:00,-23.438524246215,-46.534282684326,2.0,14.0
0f48bb71e242bcada03547f6b6f5ab92,2020-03-24 14:55:00,-23.495780944824,-46.501083374023,2.0,14.0
9209b1d686c0a48a404992f001fb04a0,2020-03-24 14:55:00,-23.463930130004,-46.53673171997,2.0,14.0
1721d5856ba52ca072395edf6a546a86,2020-03-24 14:55:00,-23.422918319702,-46.496681213378,2.0,14.0
a18436d2a7b631401b542137cf61c43e,2020-03-24 14:55:00,-23.518730163574,-46.512058258056,2.0,14.0
fafe1d505d185cc44ad87e7913db402a,2020-03-24 14:55:00,-23.497816085815,-46.558193206787,2.0,14.0
2f27e0f4118efff145aeecd8367fbb37,2020-03-24 14:55:00,-23.473875045776,-46.485404968261,2.0,14.0
ea9fcb05d347e128fd0d62d7db68965c,2020-03-24 14:55:00,-23.434633255004,-46.552211761474,2.0,14.0
0c69f56eefd226cbb10df27ab937cd50,2020-03-24 14:55:00,-23.470653533935,-46.559112548828,2.0,14.0
bcdc2c34e0e984ec156557eea9dfe2a8,2020-03-24 14:55:00,-23.460939407348,-46.487655639648,2.0,14.0
1fbf7df98c038455205af2dec3f1165c,2020-03-24 14:55:00,-23.454866409301,-46.481945037841,2.0,14.0
f0b66f04fd044d8b0639a44f710782af,2020-03-24 14:55:00,-23.508022308349,-46.542736053466,2.0,14.0
5d56b3517f51c541fd10f1225ae469cb,2020-03-24 14:55:00,-23.471649169921,-46.556873321533,2.0,14.0
042a006b9116510e44cb313276a10456,2020-03-24 14:55:00,-23.509140014648,-46.504917144775,2.0,14.0
d9d72854d6011e7a0e275c6f77a8af27,2020-03-24 14:55:00,-23.485645294189,-46.467163085937,2.0,14.0
7a6cff1fae2da5195bf9c33dec7aefb7,2020-03-24 14:55:00,-23.445077896118,-46.533874511718,2.0,14.0
5aeec6e5081e8359992f001321c3fdeb,2020-03-24 14:55:00,-23.479049682617,-46.547870635986,2.0,14.0
7fc2408e37cf37d6a31ff3c186098d19,2020-03-24 14:55:00,-23.488506317138,-46.554229736328,2.0,14.0
36df8dd5f71d4e07fe494fa7486cf4f5,2020-03-24 14:55:00,-23.446821212768,-46.515659332275,2.0,14.0
cb57ab26d8ea240a44e40bbd9798abd3,2020-03-24 14:55:00,-23.484031677246,-46.489013671875,2.0,14.0
6f7e2476e2ae161cb2b39e836712fa91,2020-03-24 14:55:00,-23.451831817626,-46.474639892578,2.0,14.0
82b2658cd33c98bca3fb17e600497ca8,2020-03-24 14:55:00,-23.483993530273,-46.490398406982,2.0,14.0
ae863b47c73cdb41243131f1603b4192,2020-03-24 14:55:00,-23.417095184326,-46.493793487548,2.0,14.0
b7df185768dae825e0cae18a554395f1,2020-03-24 14:55:00,-23.469097137451,-46.547206878662,2.0,14.0
cf28491927bbfba41b3dccefcf5b2f99,2020-03-24 14:55:00,-23.441314697265,-46.525939941406,2.0,14.0
c10ddbac5674efef346f7fd36bc4b8f5,2020-03-24 14:55:00,-23.430936813354,-46.545085906982,2.0,14.0
d36fd4d715b237eb99df7045200159d3,2020-03-24 14:55:00,-23.426876068115,-46.513778686523,2.0,14.0
ef977169cdbaf051d5eb5e7b8a76e9e1,2020-03-24 14:55:00,-23.465370178222,-46.524917602539,2.0,14.0
4f12cc9ddc5085274a160afcf2b8c69d,2020-03-24 14:55:00,-23.513986587524,-46.485893249511,2.0,14.0
e29b53661cdcb5be316ab8b376415f4b,2020-03-24 14:55:00,-23.487112045288,-46.486221313476,2.0,14.0
eb5f86e68729b7ae5b2c651ca6c133ab,2020-03-24 14:55:00,-23.507247924804,-46.482395172119,2.0,14.0
8ed3385d9765f2f8d040d92d0267c5d6,2020-03-24 14:55:00,-23.494924545288,-46.504642486572,2.0,14.0
29122fc7d30d973adaf7dc075635a342,2020-03-24 14:55:00,-23.459424972534,-46.530818939208,2.0,14.0
023b62b89bae2a6755f53b250fa061e2,2020-03-24 14:55:00,-23.454187393188,-46.456062316894,2.0,14.0
4a61dc5f10ecc18deaca43c4c78ffd38,2020-03-24 14:55:00,-23.474142074584,-46.567996978759,2.0,14.0
cf3e0fe083e5f869d87f7093d80e3c1e,2020-03-24 14:55:00,-23.49971961975,-46.504096984863,2.0,14.0
5576c3179be20cc0769bd12ef58ad7e9,2020-03-24 14:55:00,-23.493644714355,-46.489963531494,2.0,14.0
8a737e1d493613c351c2513ea9a0a6d1,2020-03-24 14:55:00,-23.442552566528,-46.502414703369,2.0,14.0
7f0e128921b8dca9172242f3d91caa8c,2020-03-24 14:55:00,-23.427253723144,-46.534587860107,2.0,14.0
f6ed63dbc155cc883becdfbc48f190d6,2020-03-24 14:55:00,-23.422887802124,-46.484001159667,2.0,14.0
3d73b94a1b27fbac9fcf22ed243127e3,2020-03-24 14:55:00,-23.453130722045,-46.521305084228,2.0,14.0
28eb9a39729992a154701ff5becabfbe,2020-03-24 14:55:00,-23.467178344726,-46.556449890136,2.0,14.0
9af0e855421f5288f3b77c3f84c6c3c9,2020-03-24 14:55:00,-23.466571807861,-46.523784637451,2.0,14.0
0fe83318944fd8201b4a093106086ef2,2020-03-24 14:55:00,-23.489671707153,-46.458831787109,2.0,14.0
7a5420d71f7ff1742e53df5984ee8666,2020-03-24 14:55:00,-23.419427871704,-46.502002716064,2.0,14.0
ca300f255fce59dfb87774dabfa025fc,2020-03-24 14:55:00,-23.441791534423,-46.527221679687,2.0,14.0
d0fe2b7b5c4a10ea5245c5cd65408513,2020-03-24 14:55:00,-23.494857788085,-46.494514465332,2.0,14.0
575bbf390765e368d86b0ff4e0430229,2020-03-24 14:55:00,-23.446924209594,-46.546737670898,2.0,14.0
b31db878480c67074af253aa52bade93,2020-03-24 14:55:00,-23.466636657714,-46.523811340332,2.0,14.0
195888421c600ffa54c60c833344c3ef,2020-03-24 14:55:00,-23.473529815673,-46.527206420898,2.0,14.0
d85ab858cafd0920136c4b4a7950625e,2020-03-24 14:55:00,-23.460794448852,-46.466300964355,2.0,14.0
48ebb8084e82716dd2d304f4ce0b110a,2020-03-24 14:55:00,-23.418155670166,-46.497470855712,2.0,14.0
7df9bc275a1cf0b48ba7114363146da6,2020-03-24 14:55:00,-23.465108871459,-46.525329589843,2.0,14.0
28e25688ef18bcb61717b779644c30a8,2020-03-24 14:55:00,-23.432653427124,-46.489902496337,2.0,14.0
e333e8668334d9022fdf6885bd9db60d,2020-03-24 14:55:00,-23.460975646972,-46.527965545654,2.0,14.0
e1a86e8d71c1582ded16396dcf21b893,2020-03-24 14:55:00,-23.425821304321,-46.548545837402,2.0,14.0
b3bacd8fecee5c47785eefcb1c415f10,2020-03-24 14:55:00,-23.468200683593,-46.521350860595,2.0,14.0
2df0a59f3504ef06a701b15fe99ad571,2020-03-24 14:55:00,-23.465366363525,-46.525047302246,2.0,14.0
1b19c435f70c0f02c083dd0e335ea9ac,2020-03-24 14:55:00,-23.4482421875,-46.468570709228,2.0,14.0
a37178560e98788df14dc9b90fe760b7,2020-03-24 14:55:00,-23.439199447631,-46.511970520019,2.0,14.0
00745ea188d28f5e383123ca2e4459d2,2020-03-24 14:55:00,-23.452676773071,-46.562053680419,2.0,14.0
8146323ea464375d32c02c8df59d8c39,2020-03-24 14:55:00,-23.460445404052,-46.541442871093,2.0,14.0
2741144c27388f9690337559ccdd2ac8,2020-03-24 14:55:00,-23.430944442749,-46.535930633544,2.0,14.0
9dd76a049887ffac52a7246840343033,2020-03-24 14:55:00,-23.467418670654,-46.530811309814,2.0,14.0
8523e27e6bf4a946fb40b029d6f18dc5,2020-03-24 14:55:00,-23.441120147705,-46.529685974121,2.0,14.0
c68ce15609a995def1cdb876d154319d,2020-03-24 14:55:00,-23.520324707031,-46.505668640136,2.0,14.0
9a7ce76bae7d3c0a3f42295eb9c928bf,2020-03-24 14:55:00,-23.465476989746,-46.518608093261,2.0,14.0
d17ee4aed421a6fe788e051f4a146c48,2020-03-24 14:55:00,-23.453435897827,-46.457794189453,2.0,14.0
06d86297d6e28d4637d60c86c2a2f5b6,2020-03-24 14:55:00,-23.466608047485,-46.532905578613,2.0,14.0
4cf5d1f1c2d537718fdf869d208c3d71,2020-03-24 14:55:00,-23.416030883789,-46.504360198974,2.0,14.0
15cbda636cf5e60e2d3da2dbfd810f29,2020-03-24 14:55:00,-23.441116333007,-46.529964447021,2.0,14.0
7bd9b2d40d1798ce7efa2da9dda6b30f,2020-03-24 14:55:00,-23.489498138427,-46.476890563964,2.0,14.0
fda429c625d8f44d2a900ccc64f13933,2020-03-24 14:55:00,-23.456314086914,-46.511764526367,2.0,14.0
63240353f8a8790dbe8f7bd93b014c1a,2020-03-24 14:55:00,-23.4361743927,-46.506072998046,2.0,14.0
478da8aee42a6a17b7504d2c9fd75ed2,2020-03-24 14:55:00,-23.441064834594,-46.515098571777,2.0,14.0
32ef764b973a808e427b86b21d052471,2020-03-24 14:55:00,-23.485389709472,-46.465354919433,2.0,14.0
85e4be4d38a3e318ecae2ed721681093,2020-03-24 14:55:00,-23.462636947631,-46.519618988037,2.0,14.0
d722963a6f548f5d9d52e596b9647572,2020-03-24 14:55:00,-23.498250961303,-46.472633361816,2.0,14.0
4839c50608c9df5a61b8ed2632e8e107,2020-03-24 14:55:00,-23.46529006958,-46.525074005126,2.0,14.0
464ed6834bf7ff2742f66891f2e8299a,2020-03-24 14:55:00,-23.494440078735,-46.506443023681,2.0,14.0
d450040faf8ad4e31020c2aa35ddf6cf,2020-03-24 14:55:00,-23.484912872314,-46.56477355957,2.0,14.0
832f8bca9465c6df98528ba13891c147,2020-03-24 14:55:00,-23.491073608398,-46.551628112792,2.0,14.0
c3a6239f8368682f320b034c655a8c8d,2020-03-24 14:55:00,-23.471786499023,-46.519653320312,2.0,14.0
36d887e64fcb385cb22c86723aa540dc,2020-03-24 14:55:00,-23.469129562377,-46.513343811035,2.0,14.0
fcd67451d53c2d5cffe6196d6699a068,2020-03-24 14:55:00,-23.503694534301,-46.488689422607,2.0,14.0
d72273a1ad98703bacffc8c33e8e5fa1,2020-03-24 14:55:00,-23.495923995971,-46.484016418457,2.0,14.0
b66feed4b8b7cc2d61c295369f692fe4,2020-03-24 14:55:00,-23.429773330688,-46.492107391357,2.0,14.0
878f28b136310cacb1405a26a29afaf5,2020-03-24 14:55:00,-23.497522354125,-46.503139495849,2.0,14.0
0a9544afc988f4b2f9b831a623ec7435,2020-03-24 14:55:00,-23.487993240356,-46.551597595214,2.0,14.0
696ee50372eb30633a4ed363dee09670,2020-03-24 14:55:00,-23.500370025634,-46.51301574707,2.0,14.0
8d29dd0def2357eff973b20241ee8e4f,2020-03-24 14:55:00,-23.465417861938,-46.510402679443,2.0,14.0
0281341f125d2fa0667fdf231696e294,2020-03-24 14:55:00,-23.442668914794,-46.466785430908,2.0,14.0
94009803ba7b3c00da5a0e3a62d05a43,2020-03-24 14:55:00,-23.439346313476,-46.552593231201,2.0,14.0
bab0deda3726f32982ebac64abaee7fc,2020-03-24 14:55:00,-23.499591827392,-46.474208831787,2.0,14.0
aa76d135aed46c660a2ddef0014cdea1,2020-03-24 14:55:00,-23.464439392089,-46.551830291748,2.0,14.0
f7ebfcaf565d51043d7568e850244932,2020-03-24 14:55:00,-23.440298080444,-46.53893661499,2.0,14.0
debd07b2e4241532d0ae60667913d99a,2020-03-24 14:55:00,-23.438816070556,-46.523643493652,2.0,14.0
0799cdd71a95f187414344493100eb2b,2020-03-24 14:55:00,-23.429569244384,-46.530391693115,2.0,14.0
beb53f0daf64ebfffc767014a22eb6ec,2020-03-24 14:55:00,-23.507816314697,-46.503089904785,2.0,14.0
645d712de8945919d8c9baefbe63e116,2020-03-24 14:55:00,-23.46814918518,-46.511562347412,2.0,14.0
f4e9599e0b69aaa87e0f7e61da54ba9a,2020-03-24 14:55:00,-23.466638565063,-46.532703399658,2.0,14.0
