diasemana;dia;hora;periodo;Avail;Reject;Moto;Van;Carro;LicGrey;LicRed;ThermalBag
Saturday;2020-02-01 00:00:00.000;0;0;79;43;55;1;23;28;51;52
Saturday;2020-02-01 00:00:00.000;0;30;57;31;40;2;15;21;36;38
Saturday;2020-02-01 00:00:00.000;1;0;48;26;33;0;15;17;31;30
Saturday;2020-02-01 00:00:00.000;1;30;47;26;33;0;14;15;32;30
Saturday;2020-02-01 00:00:00.000;2;0;48;26;31;0;17;14;34;29
Saturday;2020-02-01 00:00:00.000;2;30;43;24;29;0;14;16;27;27
Saturday;2020-02-01 00:00:00.000;3;0;41;22;27;0;14;15;26;26
Saturday;2020-02-01 00:00:00.000;3;30;45;25;29;0;16;15;30;28
Saturday;2020-02-01 00:00:00.000;4;0;46;25;32;0;14;17;29;31
Saturday;2020-02-01 00:00:00.000;4;30;45;25;29;0;16;18;27;27
Saturday;2020-02-01 00:00:00.000;5;0;46;25;30;0;16;17;29;29
Saturday;2020-02-01 00:00:00.000;5;30;54;29;36;0;18;22;32;35
Saturday;2020-02-01 00:00:00.000;6;0;62;34;44;2;16;27;35;43
Saturday;2020-02-01 00:00:00.000;6;30;73;40;55;1;17;35;38;52
Saturday;2020-02-01 00:00:00.000;7;0;83;45;63;0;20;41;42;60
Saturday;2020-02-01 00:00:00.000;7;30;97;53;77;2;18;53;44;73
Saturday;2020-02-01 00:00:00.000;8;0;122;66;100;1;21;60;62;98
Saturday;2020-02-01 00:00:00.000;8;30;147;79;122;5;20;75;72;119
Saturday;2020-02-01 00:00:00.000;9;0;153;83;130;1;22;86;67;128
Saturday;2020-02-01 00:00:00.000;9;30;156;84;136;2;18;90;66;135
Saturday;2020-02-01 00:00:00.000;10;0;173;93;152;2;19;95;78;149
Saturday;2020-02-01 00:00:00.000;10;30;154;83;133;2;19;75;79;130
Saturday;2020-02-01 00:00:00.000;11;0;148;80;126;2;20;64;84;124
Saturday;2020-02-01 00:00:00.000;11;30;161;87;135;3;23;78;83;131
Saturday;2020-02-01 00:00:00.000;12;0;156;84;132;2;22;77;79;129
Saturday;2020-02-01 00:00:00.000;12;30;160;86;141;2;17;80;80;137
Saturday;2020-02-01 00:00:00.000;13;0;157;85;138;2;17;82;75;134
Saturday;2020-02-01 00:00:00.000;13;30;172;93;150;3;19;90;82;149
Saturday;2020-02-01 00:00:00.000;14;0;178;96;156;3;19;102;76;154
Saturday;2020-02-01 00:00:00.000;14;30;170;92;143;3;24;83;87;141
Saturday;2020-02-01 00:00:00.000;15;0;154;83;129;2;23;74;80;128
Saturday;2020-02-01 00:00:00.000;15;30;141;76;120;2;19;66;75;119
Saturday;2020-02-01 00:00:00.000;16;0;120;65;97;1;22;47;73;96
Saturday;2020-02-01 00:00:00.000;16;30;116;63;89;1;26;40;76;89
Saturday;2020-02-01 00:00:00.000;17;0;95;51;72;1;22;25;70;72
Saturday;2020-02-01 00:00:00.000;17;30;87;47;66;1;20;24;63;66
Saturday;2020-02-01 00:00:00.000;18;0;82;44;58;1;23;24;58;58
Saturday;2020-02-01 00:00:00.000;18;30;76;41;50;1;25;27;49;50
Saturday;2020-02-01 00:00:00.000;19;0;74;40;49;1;24;27;47;48
Saturday;2020-02-01 00:00:00.000;19;30;75;41;52;2;21;26;49;52
Saturday;2020-02-01 00:00:00.000;20;0;70;38;47;3;20;24;46;45
Saturday;2020-02-01 00:00:00.000;20;30;73;40;45;2;26;23;50;43
Saturday;2020-02-01 00:00:00.000;21;0;60;33;39;1;20;20;40;36
Saturday;2020-02-01 00:00:00.000;21;30;57;31;36;2;19;20;37;34
Saturday;2020-02-01 00:00:00.000;22;0;50;27;32;1;17;17;33;31
Saturday;2020-02-01 00:00:00.000;22;30;48;26;29;1;18;18;30;27
Saturday;2020-02-01 00:00:00.000;23;0;48;26;29;1;18;19;29;27
Saturday;2020-02-01 00:00:00.000;23;30;46;25;25;1;20;16;30;24
Sunday;2020-02-02 00:00:00.000;0;0;41;22;23;1;17;14;27;21
Sunday;2020-02-02 00:00:00.000;0;30;39;21;20;1;18;13;26;18
Sunday;2020-02-02 00:00:00.000;1;0;35;19;18;0;17;12;23;17
Sunday;2020-02-02 00:00:00.000;1;30;38;21;18;0;20;12;26;17
Sunday;2020-02-02 00:00:00.000;2;0;37;20;19;0;18;12;25;19
Sunday;2020-02-02 00:00:00.000;2;30;33;18;17;0;16;11;22;17
Sunday;2020-02-02 00:00:00.000;3;0;34;19;19;0;15;12;22;18
Sunday;2020-02-02 00:00:00.000;3;30;32;18;17;0;15;10;22;16
Sunday;2020-02-02 00:00:00.000;4;0;32;18;16;0;16;11;21;15
Sunday;2020-02-02 00:00:00.000;4;30;29;16;14;0;15;10;19;14
Sunday;2020-02-02 00:00:00.000;5;0;33;18;15;1;17;11;22;15
Sunday;2020-02-02 00:00:00.000;5;30;35;19;17;1;17;11;24;16
Sunday;2020-02-02 00:00:00.000;6;0;35;19;18;1;16;11;24;16
Sunday;2020-02-02 00:00:00.000;6;30;35;19;19;1;15;12;23;19
Sunday;2020-02-02 00:00:00.000;7;0;44;24;27;1;16;18;26;25
Sunday;2020-02-02 00:00:00.000;7;30;52;28;33;1;18;18;34;31
Sunday;2020-02-02 00:00:00.000;8;0;59;32;37;2;20;23;36;35
Sunday;2020-02-02 00:00:00.000;8;30;63;34;45;1;17;27;36;43
Sunday;2020-02-02 00:00:00.000;9;0;74;40;52;1;21;30;44;51
Sunday;2020-02-02 00:00:00.000;9;30;76;41;55;1;20;35;41;53
Sunday;2020-02-02 00:00:00.000;10;0;83;45;63;1;19;38;45;62
Sunday;2020-02-02 00:00:00.000;10;30;81;44;61;1;19;40;41;60
Sunday;2020-02-02 00:00:00.000;11;0;82;44;59;1;22;39;43;59
Sunday;2020-02-02 00:00:00.000;11;30;85;46;62;2;21;41;44;61
Sunday;2020-02-02 00:00:00.000;12;0;98;53;75;2;21;51;47;74
Sunday;2020-02-02 00:00:00.000;12;30;98;53;77;1;20;49;49;76
Sunday;2020-02-02 00:00:00.000;13;0;97;53;76;1;20;43;54;75
Sunday;2020-02-02 00:00:00.000;13;30;93;50;72;1;20;43;50;71
Sunday;2020-02-02 00:00:00.000;14;0;91;49;70;1;20;43;48;69
Sunday;2020-02-02 00:00:00.000;14;30;100;54;78;1;21;51;49;77
Sunday;2020-02-02 00:00:00.000;15;0;98;53;76;1;21;48;50;75
Sunday;2020-02-02 00:00:00.000;15;30;95;51;72;2;21;41;54;71
Sunday;2020-02-02 00:00:00.000;16;0;93;50;70;1;22;38;55;70
Sunday;2020-02-02 00:00:00.000;16;30;89;48;66;1;22;34;55;64
Sunday;2020-02-02 00:00:00.000;17;0;96;52;69;1;26;40;56;66
Sunday;2020-02-02 00:00:00.000;17;30;90;49;65;1;24;36;54;63
Sunday;2020-02-02 00:00:00.000;18;0;88;48;65;1;22;34;54;62
Sunday;2020-02-02 00:00:00.000;18;30;78;42;55;1;22;26;52;53
Sunday;2020-02-02 00:00:00.000;19;0;72;39;49;1;22;22;50;47
Sunday;2020-02-02 00:00:00.000;19;30;70;38;48;1;21;21;49;46
Sunday;2020-02-02 00:00:00.000;20;0;65;35;44;1;20;21;44;43
Sunday;2020-02-02 00:00:00.000;20;30;58;32;37;1;20;19;39;36
Sunday;2020-02-02 00:00:00.000;21;0;57;31;36;1;20;20;37;35
Sunday;2020-02-02 00:00:00.000;21;30;49;27;28;1;20;15;34;27
Sunday;2020-02-02 00:00:00.000;22;0;48;26;26;1;21;14;34;26
Sunday;2020-02-02 00:00:00.000;22;30;47;26;26;1;20;15;32;25
Sunday;2020-02-02 00:00:00.000;23;0;51;28;27;1;23;16;35;26
Sunday;2020-02-02 00:00:00.000;23;30;52;28;32;1;19;18;34;31
Monday;2020-02-03 00:00:00.000;0;0;53;29;33;1;19;22;31;32
Monday;2020-02-03 00:00:00.000;0;30;51;28;31;1;19;20;31;29
Monday;2020-02-03 00:00:00.000;1;0;46;25;25;1;20;15;31;24
Monday;2020-02-03 00:00:00.000;1;30;45;25;26;1;18;16;29;25
Monday;2020-02-03 00:00:00.000;2;0;46;25;26;1;19;15;31;25
Monday;2020-02-03 00:00:00.000;2;30;38;21;22;1;15;12;26;21
Monday;2020-02-03 00:00:00.000;3;0;38;21;24;1;13;13;25;23
Monday;2020-02-03 00:00:00.000;3;30;40;22;25;1;14;14;26;24
Monday;2020-02-03 00:00:00.000;4;0;39;21;23;1;15;12;27;22
Monday;2020-02-03 00:00:00.000;4;30;44;24;25;2;17;14;30;24
Monday;2020-02-03 00:00:00.000;5;0;46;25;27;2;17;14;32;26
Monday;2020-02-03 00:00:00.000;5;30;46;25;27;2;17;16;30;26
Monday;2020-02-03 00:00:00.000;6;0;73;40;56;3;14;34;39;54
Monday;2020-02-03 00:00:00.000;6;30;102;55;80;3;19;46;56;77
Monday;2020-02-03 00:00:00.000;7;0;125;68;97;2;26;55;70;93
Monday;2020-02-03 00:00:00.000;7;30;142;77;116;1;25;64;78;112
Monday;2020-02-03 00:00:00.000;8;0;143;77;120;1;22;71;72;116
Monday;2020-02-03 00:00:00.000;8;30;177;95;149;2;26;80;97;146
Monday;2020-02-03 00:00:00.000;9;0;185;100;158;2;25;83;102;157
Monday;2020-02-03 00:00:00.000;9;30;195;105;169;2;24;87;108;166
Monday;2020-02-03 00:00:00.000;10;0;198;107;173;1;24;90;108;171
Monday;2020-02-03 00:00:00.000;10;30;202;109;179;1;22;99;103;176
Monday;2020-02-03 00:00:00.000;11;0;204;110;181;1;22;88;116;178
Monday;2020-02-03 00:00:00.000;11;30;204;110;181;2;21;93;111;175
Monday;2020-02-03 00:00:00.000;12;0;206;111;180;3;23;97;109;176
Monday;2020-02-03 00:00:00.000;12;30;200;108;178;3;19;88;112;170
Monday;2020-02-03 00:00:00.000;13;0;186;100;168;4;14;85;101;161
Monday;2020-02-03 00:00:00.000;13;30;197;106;177;4;16;89;108;172
Monday;2020-02-03 00:00:00.000;14;0;187;101;168;4;15;89;98;164
Monday;2020-02-03 00:00:00.000;14;30;200;108;175;7;18;89;111;170
Monday;2020-02-03 00:00:00.000;15;0;185;100;157;6;22;82;103;150
Monday;2020-02-03 00:00:00.000;15;30;179;96;153;4;22;73;106;148
Monday;2020-02-03 00:00:00.000;16;0;157;85;133;4;20;62;95;129
Monday;2020-02-03 00:00:00.000;16;30;164;88;140;5;19;61;103;136
Monday;2020-02-03 00:00:00.000;17;0;156;84;132;4;20;64;92;127
Monday;2020-02-03 00:00:00.000;17;30;163;88;138;2;23;64;99;132
Monday;2020-02-03 00:00:00.000;18;0;140;76;119;3;18;62;78;116
Monday;2020-02-03 00:00:00.000;18;30;121;65;102;1;18;55;66;100
Monday;2020-02-03 00:00:00.000;19;0;120;65;98;1;21;54;66;94
Monday;2020-02-03 00:00:00.000;19;30;118;64;98;1;19;50;68;93
Monday;2020-02-03 00:00:00.000;20;0;114;62;92;1;21;44;70;87
Monday;2020-02-03 00:00:00.000;20;30;111;60;84;1;26;43;68;82
Monday;2020-02-03 00:00:00.000;21;0;100;54;75;1;24;37;63;73
Monday;2020-02-03 00:00:00.000;21;30;93;50;67;2;24;33;60;64
Monday;2020-02-03 00:00:00.000;22;0;94;51;67;1;26;33;61;64
Monday;2020-02-03 00:00:00.000;22;30;78;42;55;1;22;28;50;53
Monday;2020-02-03 00:00:00.000;23;0;73;40;50;1;22;27;46;48
Monday;2020-02-03 00:00:00.000;23;30;64;35;45;1;18;22;42;43
Tuesday;2020-02-04 00:00:00.000;0;0;64;35;46;1;17;23;41;44
Tuesday;2020-02-04 00:00:00.000;0;30;53;29;36;1;16;19;34;34
Tuesday;2020-02-04 00:00:00.000;1;0;54;29;37;1;16;20;34;34
Tuesday;2020-02-04 00:00:00.000;1;30;53;29;35;1;17;20;33;33
Tuesday;2020-02-04 00:00:00.000;2;0;53;29;35;1;17;20;33;33
Tuesday;2020-02-04 00:00:00.000;2;30;53;29;37;1;15;21;32;35
Tuesday;2020-02-04 00:00:00.000;3;0;50;27;37;1;12;22;28;35
Tuesday;2020-02-04 00:00:00.000;3;30;44;24;31;1;12;18;26;29
Tuesday;2020-02-04 00:00:00.000;4;0;48;26;35;1;12;21;27;33
Tuesday;2020-02-04 00:00:00.000;4;30;49;27;34;2;13;20;29;32
Tuesday;2020-02-04 00:00:00.000;5;0;56;31;42;2;12;26;30;40
Tuesday;2020-02-04 00:00:00.000;5;30;59;32;45;2;12;27;32;43
Tuesday;2020-02-04 00:00:00.000;6;0;78;42;64;1;13;40;38;62
Tuesday;2020-02-04 00:00:00.000;6;30;116;63;93;2;21;58;58;90
Tuesday;2020-02-04 00:00:00.000;7;0;137;74;115;1;21;74;63;112
Tuesday;2020-02-04 00:00:00.000;7;30;143;77;125;1;17;78;65;121
Tuesday;2020-02-04 00:00:00.000;8;0;166;90;148;1;17;88;78;141
Tuesday;2020-02-04 00:00:00.000;8;30;196;106;179;1;16;101;95;171
Tuesday;2020-02-04 00:00:00.000;9;0;215;116;194;2;19;110;105;188
Tuesday;2020-02-04 00:00:00.000;9;30;232;125;211;3;18;119;113;203
Tuesday;2020-02-04 00:00:00.000;10;0;232;125;213;3;16;117;115;207
Tuesday;2020-02-04 00:00:00.000;10;30;247;133;228;5;14;119;128;217
Tuesday;2020-02-04 00:00:00.000;11;0;236;127;221;1;14;118;118;213
Tuesday;2020-02-04 00:00:00.000;11;30;254;137;231;1;22;135;119;224
Tuesday;2020-02-04 00:00:00.000;12;0;211;114;191;2;18;116;95;186
Tuesday;2020-02-04 00:00:00.000;12;30;215;116;193;3;19;111;104;186
Tuesday;2020-02-04 00:00:00.000;13;0;218;117;197;2;19;121;97;189
Tuesday;2020-02-04 00:00:00.000;13;30;211;114;190;3;18;111;100;186
Tuesday;2020-02-04 00:00:00.000;14;0;218;117;199;1;18;113;105;195
Tuesday;2020-02-04 00:00:00.000;14;30;226;122;201;6;19;109;117;196
Tuesday;2020-02-04 00:00:00.000;15;0;236;127;207;5;24;121;115;201
Tuesday;2020-02-04 00:00:00.000;15;30;217;117;193;4;20;111;106;186
Tuesday;2020-02-04 00:00:00.000;16;0;195;105;175;3;17;101;94;169
Tuesday;2020-02-04 00:00:00.000;16;30;192;103;168;3;21;91;101;161
Tuesday;2020-02-04 00:00:00.000;17;0;185;100;166;1;18;85;100;159
Tuesday;2020-02-04 00:00:00.000;17;30;172;93;154;1;17;85;87;150
Tuesday;2020-02-04 00:00:00.000;18;0;167;90;150;1;16;87;80;146
Tuesday;2020-02-04 00:00:00.000;18;30;183;99;162;1;20;92;91;155
Tuesday;2020-02-04 00:00:00.000;19;0;159;86;140;1;18;77;82;133
Tuesday;2020-02-04 00:00:00.000;19;30;169;91;148;1;20;84;85;141
Tuesday;2020-02-04 00:00:00.000;20;0;150;81;129;2;19;81;69;124
Tuesday;2020-02-04 00:00:00.000;20;30;149;80;128;2;19;82;67;123
Tuesday;2020-02-04 00:00:00.000;21;0;137;74;119;1;17;73;64;114
Tuesday;2020-02-04 00:00:00.000;21;30;132;71;114;2;16;71;61;109
Tuesday;2020-02-04 00:00:00.000;22;0;125;68;105;2;18;65;60;100
Tuesday;2020-02-04 00:00:00.000;22;30;114;62;96;2;16;61;53;91
Tuesday;2020-02-04 00:00:00.000;23;0;104;56;86;2;16;57;47;82
Tuesday;2020-02-04 00:00:00.000;23;30;99;54;79;2;18;52;47;75
Wednesday;2020-02-05 00:00:00.000;0;0;83;45;67;2;14;45;38;64
Wednesday;2020-02-05 00:00:00.000;0;30;72;39;56;2;14;40;32;53
Wednesday;2020-02-05 00:00:00.000;1;0;69;38;53;2;14;37;32;51
Wednesday;2020-02-05 00:00:00.000;1;30;64;35;50;2;12;35;29;48
Wednesday;2020-02-05 00:00:00.000;2;0;57;31;44;2;11;30;27;42
Wednesday;2020-02-05 00:00:00.000;2;30;60;33;45;1;14;30;30;42
Wednesday;2020-02-05 00:00:00.000;3;0;58;32;44;2;12;30;28;41
Wednesday;2020-02-05 00:00:00.000;3;30;57;31;43;2;12;30;27;41
Wednesday;2020-02-05 00:00:00.000;4;0;54;29;40;1;13;28;26;38
Wednesday;2020-02-05 00:00:00.000;4;30;59;32;40;3;16;28;31;38
Wednesday;2020-02-05 00:00:00.000;5;0;60;33;40;5;15;28;32;38
Wednesday;2020-02-05 00:00:00.000;5;30;76;41;57;3;16;38;38;55
Wednesday;2020-02-05 00:00:00.000;6;0;97;53;81;3;13;52;45;79
Wednesday;2020-02-05 00:00:00.000;6;30;127;69;110;3;14;76;51;108
Wednesday;2020-02-05 00:00:00.000;7;0;156;84;138;3;15;92;64;135
Wednesday;2020-02-05 00:00:00.000;7;30;152;82;137;2;13;89;63;132
Wednesday;2020-02-05 00:00:00.000;8;0;194;105;173;1;20;106;88;169
Wednesday;2020-02-05 00:00:00.000;8;30;212;114;192;3;17;121;91;186
Wednesday;2020-02-05 00:00:00.000;9;0;226;122;208;3;15;125;101;203
Wednesday;2020-02-05 00:00:00.000;9;30;255;137;239;2;14;135;120;232
Wednesday;2020-02-05 00:00:00.000;10;0;249;134;232;3;14;131;118;223
Wednesday;2020-02-05 00:00:00.000;10;30;253;136;233;2;18;136;117;226
Wednesday;2020-02-05 00:00:00.000;11;0;246;132;224;3;19;136;110;212
Wednesday;2020-02-05 00:00:00.000;11;30;253;136;232;4;17;140;113;222
Wednesday;2020-02-05 00:00:00.000;12;0;245;132;221;3;21;140;105;216
Wednesday;2020-02-05 00:00:00.000;12;30;251;135;225;4;22;134;117;219
Wednesday;2020-02-05 00:00:00.000;13;0;236;127;214;4;18;128;108;206
Wednesday;2020-02-05 00:00:00.000;13;30;225;121;205;4;16;128;97;197
Wednesday;2020-02-05 00:00:00.000;14;0;228;123;207;4;17;134;94;200
Wednesday;2020-02-05 00:00:00.000;14;30;230;124;210;2;18;132;98;201
Wednesday;2020-02-05 00:00:00.000;15;0;221;119;204;2;15;128;93;195
Wednesday;2020-02-05 00:00:00.000;15;30;205;110;185;2;18;109;96;177
Wednesday;2020-02-05 00:00:00.000;16;0;201;108;181;2;18;103;98;172
Wednesday;2020-02-05 00:00:00.000;16;30;219;118;198;4;17;104;115;190
Wednesday;2020-02-05 00:00:00.000;17;0;213;115;192;2;19;96;117;187
Wednesday;2020-02-05 00:00:00.000;17;30;180;97;156;3;21;77;103;152
Wednesday;2020-02-05 00:00:00.000;18;0;172;93;153;1;18;84;88;149
Wednesday;2020-02-05 00:00:00.000;18;30;182;98;165;1;16;87;95;161
Wednesday;2020-02-05 00:00:00.000;19;0;169;91;151;1;17;79;90;147
Wednesday;2020-02-05 00:00:00.000;19;30;152;82;136;1;15;85;67;132
Wednesday;2020-02-05 00:00:00.000;20;0;139;75;119;1;19;74;65;116
Wednesday;2020-02-05 00:00:00.000;20;30;141;76;123;1;17;71;70;120
Wednesday;2020-02-05 00:00:00.000;21;0;136;73;115;1;20;68;68;111
Wednesday;2020-02-05 00:00:00.000;21;30;123;66;101;1;21;64;59;99
Wednesday;2020-02-05 00:00:00.000;22;0;125;68;104;2;19;65;60;100
Wednesday;2020-02-05 00:00:00.000;22;30;105;57;84;2;19;46;59;80
Wednesday;2020-02-05 00:00:00.000;23;0;99;54;77;2;20;42;57;75
Wednesday;2020-02-05 00:00:00.000;23;30;91;49;72;2;17;44;47;70
Thursday;2020-02-06 00:00:00.000;0;0;84;46;65;2;17;38;46;63
Thursday;2020-02-06 00:00:00.000;0;30;75;41;56;2;17;31;44;54
Thursday;2020-02-06 00:00:00.000;1;0;76;41;57;2;17;31;45;55
Thursday;2020-02-06 00:00:00.000;1;30;70;38;51;2;17;27;43;49
Thursday;2020-02-06 00:00:00.000;2;0;67;36;48;2;17;26;41;46
Thursday;2020-02-06 00:00:00.000;2;30;66;36;49;2;15;26;40;47
Thursday;2020-02-06 00:00:00.000;3;0;68;37;50;2;16;27;41;48
Thursday;2020-02-06 00:00:00.000;3;30;68;37;51;2;15;26;42;49
Thursday;2020-02-06 00:00:00.000;4;0;62;34;46;2;14;24;38;44
Thursday;2020-02-06 00:00:00.000;4;30;59;32;44;2;13;24;35;42
Thursday;2020-02-06 00:00:00.000;5;0;71;39;50;6;15;27;44;48
Thursday;2020-02-06 00:00:00.000;5;30;74;40;58;2;14;34;40;56
Thursday;2020-02-06 00:00:00.000;6;0;101;55;83;5;13;48;53;81
Thursday;2020-02-06 00:00:00.000;6;30;132;71;116;2;14;74;58;114
Thursday;2020-02-06 00:00:00.000;7;0;161;87;143;2;16;95;66;138
Thursday;2020-02-06 00:00:00.000;7;30;181;98;165;2;14;105;76;160
Thursday;2020-02-06 00:00:00.000;8;0;203;109;183;2;18;113;90;177
Thursday;2020-02-06 00:00:00.000;8;30;226;122;208;2;16;126;100;200
Thursday;2020-02-06 00:00:00.000;9;0;224;121;205;2;17;124;100;195
Thursday;2020-02-06 00:00:00.000;9;30;224;121;204;3;17;116;108;194
Thursday;2020-02-06 00:00:00.000;10;0;248;134;228;3;17;128;120;218
Thursday;2020-02-06 00:00:00.000;10;30;246;132;219;6;21;132;114;211
Thursday;2020-02-06 00:00:00.000;11;0;260;140;234;5;21;129;131;229
Thursday;2020-02-06 00:00:00.000;11;30;265;143;240;6;19;136;129;233
Thursday;2020-02-06 00:00:00.000;12;0;260;140;236;5;19;136;124;228
Thursday;2020-02-06 00:00:00.000;12;30;258;139;232;4;22;139;119;225
Thursday;2020-02-06 00:00:00.000;13;0;252;136;225;3;24;129;123;218
Thursday;2020-02-06 00:00:00.000;13;30;245;132;216;3;26;130;115;211
Thursday;2020-02-06 00:00:00.000;14;0;258;139;231;2;25;136;122;225
Thursday;2020-02-06 00:00:00.000;14;30;234;126;208;3;23;121;113;201
Thursday;2020-02-06 00:00:00.000;15;0;225;121;203;2;20;124;101;196
Thursday;2020-02-06 00:00:00.000;15;30;196;106;173;2;21;92;104;165
Thursday;2020-02-06 00:00:00.000;16;0;179;96;159;3;17;77;102;152
Thursday;2020-02-06 00:00:00.000;16;30;169;91;142;6;21;65;104;136
Thursday;2020-02-06 00:00:00.000;17;0;163;88;139;4;20;65;98;135
Thursday;2020-02-06 00:00:00.000;17;30;163;88;134;4;25;66;97;131
Thursday;2020-02-06 00:00:00.000;18;0;161;87;136;3;22;67;94;132
Thursday;2020-02-06 00:00:00.000;18;30;154;83;131;3;20;67;87;125
Thursday;2020-02-06 00:00:00.000;19;0;158;85;135;3;20;70;88;129
Thursday;2020-02-06 00:00:00.000;19;30;165;89;137;4;24;74;91;132
Thursday;2020-02-06 00:00:00.000;20;0;157;85;131;2;24;71;86;127
Thursday;2020-02-06 00:00:00.000;20;30;151;81;127;1;23;66;85;123
Thursday;2020-02-06 00:00:00.000;21;0;148;80;129;1;18;73;75;125
Thursday;2020-02-06 00:00:00.000;21;30;141;76;120;2;19;67;74;117
Thursday;2020-02-06 00:00:00.000;22;0;137;74;111;2;24;61;76;108
Thursday;2020-02-06 00:00:00.000;22;30;122;66;99;2;21;54;68;96
Thursday;2020-02-06 00:00:00.000;23;0;113;61;93;2;18;51;62;90
Thursday;2020-02-06 00:00:00.000;23;30;99;54;78;2;19;46;53;75
Friday;2020-02-07 00:00:00.000;0;0;89;48;69;1;19;39;50;65
Friday;2020-02-07 00:00:00.000;0;30;79;43;63;1;15;34;45;60
Friday;2020-02-07 00:00:00.000;1;0;81;44;63;1;17;35;46;59
Friday;2020-02-07 00:00:00.000;1;30;71;39;57;1;13;30;41;54
Friday;2020-02-07 00:00:00.000;2;0;71;39;58;1;12;33;38;55
Friday;2020-02-07 00:00:00.000;2;30;69;38;55;1;13;31;38;52
Friday;2020-02-07 00:00:00.000;3;0;66;36;51;2;13;29;37;48
Friday;2020-02-07 00:00:00.000;3;30;66;36;51;1;14;29;37;47
Friday;2020-02-07 00:00:00.000;4;0;69;38;51;1;17;29;40;47
Friday;2020-02-07 00:00:00.000;4;30;67;36;51;2;14;28;39;47
Friday;2020-02-07 00:00:00.000;5;0;74;40;52;5;17;29;45;49
Friday;2020-02-07 00:00:00.000;5;30;86;47;65;3;18;35;51;61
Friday;2020-02-07 00:00:00.000;6;0;110;59;89;3;18;54;56;85
Friday;2020-02-07 00:00:00.000;6;30;139;75;113;4;22;72;67;109
Friday;2020-02-07 00:00:00.000;7;0;166;90;142;3;21;92;74;137
Friday;2020-02-07 00:00:00.000;7;30;187;101;162;3;22;97;90;156
Friday;2020-02-07 00:00:00.000;8;0;217;117;194;4;19;103;114;188
Friday;2020-02-07 00:00:00.000;8;30;231;124;206;4;21;113;118;198
Friday;2020-02-07 00:00:00.000;9;0;231;124;206;4;21;115;116;200
Friday;2020-02-07 00:00:00.000;9;30;231;124;208;4;19;115;116;200
Friday;2020-02-07 00:00:00.000;10;0;230;124;206;6;18;114;116;199
Friday;2020-02-07 00:00:00.000;10;30;242;130;214;6;22;125;117;210
Friday;2020-02-07 00:00:00.000;11;0;231;124;209;6;16;123;108;205
Friday;2020-02-07 00:00:00.000;11;30;225;121;206;5;14;117;108;199
Friday;2020-02-07 00:00:00.000;12;0;238;128;217;7;14;115;123;206
Friday;2020-02-07 00:00:00.000;12;30;250;135;223;8;19;117;133;214
Friday;2020-02-07 00:00:00.000;13;0;225;121;206;6;13;110;115;200
Friday;2020-02-07 00:00:00.000;13;30;219;118;193;7;19;113;106;187
Friday;2020-02-07 00:00:00.000;14;0;223;120;196;6;21;111;112;187
Friday;2020-02-07 00:00:00.000;14;30;235;127;207;6;22;109;126;198
Friday;2020-02-07 00:00:00.000;15;0;230;124;203;6;21;108;122;195
Friday;2020-02-07 00:00:00.000;15;30;224;121;201;4;19;100;124;194
Friday;2020-02-07 00:00:00.000;16;0;227;122;206;3;18;105;122;201
Friday;2020-02-07 00:00:00.000;16;30;210;113;189;3;18;90;120;180
Friday;2020-02-07 00:00:00.000;17;0;198;107;177;3;18;80;118;170
Friday;2020-02-07 00:00:00.000;17;30;178;96;155;3;20;78;100;153
Friday;2020-02-07 00:00:00.000;18;0;184;99;162;4;18;81;103;160
Friday;2020-02-07 00:00:00.000;18;30;165;89;143;3;19;75;90;139
Friday;2020-02-07 00:00:00.000;19;0;163;88;143;2;18;76;87;140
Friday;2020-02-07 00:00:00.000;19;30;162;87;137;3;22;68;94;134
Friday;2020-02-07 00:00:00.000;20;0;160;86;131;2;27;66;94;128
Friday;2020-02-07 00:00:00.000;20;30;157;85;138;1;18;77;80;136
Friday;2020-02-07 00:00:00.000;21;0;149;80;128;1;20;67;82;126
Friday;2020-02-07 00:00:00.000;21;30;149;80;129;1;19;68;81;127
Friday;2020-02-07 00:00:00.000;22;0;140;76;119;1;20;62;78;117
Friday;2020-02-07 00:00:00.000;22;30;123;66;102;2;19;53;70;100
Friday;2020-02-07 00:00:00.000;23;0;121;65;96;2;23;48;73;94
Friday;2020-02-07 00:00:00.000;23;30;106;57;84;1;21;45;61;82
Saturday;2020-02-08 00:00:00.000;0;0;87;47;65;1;21;34;53;63
Saturday;2020-02-08 00:00:00.000;0;30;66;36;49;1;16;26;40;47
Saturday;2020-02-08 00:00:00.000;1;0;64;35;48;1;15;25;39;46
Saturday;2020-02-08 00:00:00.000;1;30;63;34;46;1;16;25;38;44
Saturday;2020-02-08 00:00:00.000;2;0;60;33;42;1;17;23;37;40
Saturday;2020-02-08 00:00:00.000;2;30;60;33;42;1;17;22;38;40
Saturday;2020-02-08 00:00:00.000;3;0;62;34;43;1;18;22;40;41
Saturday;2020-02-08 00:00:00.000;3;30;59;32;41;1;17;22;37;39
Saturday;2020-02-08 00:00:00.000;4;0;54;29;36;1;17;21;33;34
Saturday;2020-02-08 00:00:00.000;4;30;55;30;38;0;17;21;34;35
Saturday;2020-02-08 00:00:00.000;5;0;57;31;40;0;17;22;35;38
Saturday;2020-02-08 00:00:00.000;5;30;54;29;40;0;14;22;32;38
Saturday;2020-02-08 00:00:00.000;6;0;61;33;48;0;13;24;37;46
Saturday;2020-02-08 00:00:00.000;6;30;86;47;65;1;20;35;51;64
Saturday;2020-02-08 00:00:00.000;7;0;99;54;74;1;24;39;60;73
Saturday;2020-02-08 00:00:00.000;7;30;106;57;84;1;21;50;56;82
Saturday;2020-02-08 00:00:00.000;8;0;130;70;103;6;21;59;71;102
Saturday;2020-02-08 00:00:00.000;8;30;127;69;108;3;16;63;64;106
Saturday;2020-02-08 00:00:00.000;9;0;160;86;139;3;18;80;80;137
Saturday;2020-02-08 00:00:00.000;9;30;163;88;139;1;23;82;81;138
Saturday;2020-02-08 00:00:00.000;10;0;159;86;137;2;20;83;76;136
Saturday;2020-02-08 00:00:00.000;10;30;168;91;146;3;19;88;80;144
Saturday;2020-02-08 00:00:00.000;11;0;170;92;149;3;18;89;81;146
Saturday;2020-02-08 00:00:00.000;11;30;172;93;150;2;20;91;81;147
Saturday;2020-02-08 00:00:00.000;12;0;159;86;133;5;21;84;75;129
Saturday;2020-02-08 00:00:00.000;12;30;160;86;133;3;24;80;80;130
Saturday;2020-02-08 00:00:00.000;13;0;162;87;137;3;22;78;84;131
Saturday;2020-02-08 00:00:00.000;13;30;154;83;130;3;21;74;80;125
Saturday;2020-02-08 00:00:00.000;14;0;156;84;133;3;20;73;83;129
Saturday;2020-02-08 00:00:00.000;14;30;141;76;124;3;14;75;66;121
Saturday;2020-02-08 00:00:00.000;15;0;141;76;122;3;16;75;66;118
Saturday;2020-02-08 00:00:00.000;15;30;134;72;113;2;19;62;72;110
Saturday;2020-02-08 00:00:00.000;16;0;135;73;115;1;19;63;72;112
Saturday;2020-02-08 00:00:00.000;16;30;126;68;106;2;18;60;66;103
Saturday;2020-02-08 00:00:00.000;17;0;128;69;108;3;17;61;67;104
Saturday;2020-02-08 00:00:00.000;17;30;132;71;112;3;17;62;70;108
Saturday;2020-02-08 00:00:00.000;18;0;131;71;110;3;18;61;70;106
Saturday;2020-02-08 00:00:00.000;18;30;133;72;110;3;20;71;62;107
Saturday;2020-02-08 00:00:00.000;19;0;125;68;104;1;20;62;63;100
Saturday;2020-02-08 00:00:00.000;19;30;115;62;93;1;21;58;57;90
Saturday;2020-02-08 00:00:00.000;20;0;119;64;96;2;21;54;65;93
Saturday;2020-02-08 00:00:00.000;20;30;106;57;82;2;22;43;63;79
Saturday;2020-02-08 00:00:00.000;21;0;95;51;73;1;21;46;49;70
Saturday;2020-02-08 00:00:00.000;21;30;91;49;72;1;18;40;51;69
Saturday;2020-02-08 00:00:00.000;22;0;87;47;66;1;20;40;47;63
Saturday;2020-02-08 00:00:00.000;22;30;84;46;62;1;21;38;46;60
Saturday;2020-02-08 00:00:00.000;23;0;79;43;57;1;21;36;43;55
Saturday;2020-02-08 00:00:00.000;23;30;66;36;44;1;21;30;36;43
Sunday;2020-02-09 00:00:00.000;0;0;66;36;47;1;18;29;37;46
Sunday;2020-02-09 00:00:00.000;0;30;58;32;43;1;14;24;34;42
Sunday;2020-02-09 00:00:00.000;1;0;55;30;36;0;19;20;35;34
Sunday;2020-02-09 00:00:00.000;1;30;49;27;35;0;14;20;29;33
Sunday;2020-02-09 00:00:00.000;2;0;47;26;34;0;13;17;30;32
Sunday;2020-02-09 00:00:00.000;2;30;42;23;29;0;13;14;28;27
Sunday;2020-02-09 00:00:00.000;3;0;35;19;22;0;13;12;23;20
Sunday;2020-02-09 00:00:00.000;3;30;39;21;26;0;13;16;23;24
Sunday;2020-02-09 00:00:00.000;4;0;40;22;24;0;16;13;27;22
Sunday;2020-02-09 00:00:00.000;4;30;37;20;20;0;17;11;26;18
Sunday;2020-02-09 00:00:00.000;5;0;43;24;27;0;16;15;28;24
Sunday;2020-02-09 00:00:00.000;5;30;41;22;26;0;15;14;27;23
Sunday;2020-02-09 00:00:00.000;6;0;42;23;28;0;14;16;26;26
Sunday;2020-02-09 00:00:00.000;6;30;41;22;27;0;14;13;28;25
Sunday;2020-02-09 00:00:00.000;7;0;51;28;36;0;15;20;31;34
Sunday;2020-02-09 00:00:00.000;7;30;50;27;32;1;17;18;32;30
Sunday;2020-02-09 00:00:00.000;8;0;60;33;39;2;19;21;39;35
Sunday;2020-02-09 00:00:00.000;8;30;63;34;43;2;18;24;39;41
Sunday;2020-02-09 00:00:00.000;9;0;77;42;58;2;17;31;46;56
Sunday;2020-02-09 00:00:00.000;9;30;78;42;61;2;15;32;46;58
Sunday;2020-02-09 00:00:00.000;10;0;77;42;60;2;15;32;45;57
Sunday;2020-02-09 00:00:00.000;10;30;90;49;73;2;15;44;46;71
Sunday;2020-02-09 00:00:00.000;11;0;86;47;68;2;16;43;43;66
Sunday;2020-02-09 00:00:00.000;11;30;89;48;74;2;13;48;41;73
Sunday;2020-02-09 00:00:00.000;12;0;95;51;79;2;14;48;47;78
Sunday;2020-02-09 00:00:00.000;12;30;105;57;85;1;19;54;51;84
Sunday;2020-02-09 00:00:00.000;13;0;97;53;81;1;15;50;47;80
Sunday;2020-02-09 00:00:00.000;13;30;89;48;71;1;17;42;47;70
Sunday;2020-02-09 00:00:00.000;14;0;96;52;79;1;16;45;51;78
Sunday;2020-02-09 00:00:00.000;14;30;94;51;82;1;11;50;44;81
Sunday;2020-02-09 00:00:00.000;15;0;99;54;87;1;11;49;50;84
Sunday;2020-02-09 00:00:00.000;15;30;102;55;89;1;12;45;57;86
Sunday;2020-02-09 00:00:00.000;16;0;83;45;70;1;12;36;47;68
Sunday;2020-02-09 00:00:00.000;16;30;87;47;71;1;15;40;47;69
Sunday;2020-02-09 00:00:00.000;17;0;91;49;65;2;24;34;57;62
Sunday;2020-02-09 00:00:00.000;17;30;86;47;63;1;22;34;52;60
Sunday;2020-02-09 00:00:00.000;18;0;90;49;66;1;23;37;53;62
Sunday;2020-02-09 00:00:00.000;18;30;84;46;62;1;21;34;50;60
Sunday;2020-02-09 00:00:00.000;19;0;90;49;66;1;23;36;54;64
Sunday;2020-02-09 00:00:00.000;19;30;92;50;69;1;22;37;55;67
Sunday;2020-02-09 00:00:00.000;20;0;86;47;65;1;20;35;51;62
Sunday;2020-02-09 00:00:00.000;20;30;79;43;59;1;19;33;46;56
Sunday;2020-02-09 00:00:00.000;21;0;79;43;59;1;19;28;51;56
Sunday;2020-02-09 00:00:00.000;21;30;68;37;47;1;20;22;46;44
Sunday;2020-02-09 00:00:00.000;22;0;63;34;38;1;24;20;43;36
Sunday;2020-02-09 00:00:00.000;22;30;62;34;41;1;20;20;42;39
Sunday;2020-02-09 00:00:00.000;23;0;49;27;30;1;18;15;34;28
Sunday;2020-02-09 00:00:00.000;23;30;54;29;33;1;20;19;35;30
Monday;2020-02-10 00:00:00.000;0;0;51;28;32;1;18;19;32;28
Monday;2020-02-10 00:00:00.000;0;30;47;26;30;0;17;18;29;28
Monday;2020-02-10 00:00:00.000;1;0;48;26;30;0;18;18;30;28
Monday;2020-02-10 00:00:00.000;1;30;44;24;29;0;15;19;25;27
Monday;2020-02-10 00:00:00.000;2;0;40;22;27;0;13;17;23;25
Monday;2020-02-10 00:00:00.000;2;30;37;20;25;0;12;16;21;23
Monday;2020-02-10 00:00:00.000;3;0;33;18;23;1;9;15;18;21
Monday;2020-02-10 00:00:00.000;3;30;31;17;23;0;8;14;17;22
Monday;2020-02-10 00:00:00.000;4;0;30;17;21;0;9;14;16;20
Monday;2020-02-10 00:00:00.000;4;30;33;18;22;0;11;15;18;21
Monday;2020-02-10 00:00:00.000;5;0;35;19;22;2;11;15;20;21
Monday;2020-02-10 00:00:00.000;5;30;39;21;24;2;13;16;23;22
Monday;2020-02-10 00:00:00.000;6;0;51;28;34;2;15;21;30;31
Monday;2020-02-10 00:00:00.000;6;30;70;38;53;2;15;30;40;51
Monday;2020-02-10 00:00:00.000;7;0;78;42;63;2;13;37;41;62
Monday;2020-02-10 00:00:00.000;7;30;99;54;81;1;17;45;54;78
Monday;2020-02-10 00:00:00.000;8;0;115;62;97;1;17;55;60;93
Monday;2020-02-10 00:00:00.000;8;30;123;66;104;1;18;58;65;99
Monday;2020-02-10 00:00:00.000;9;0;136;73;119;2;15;65;71;116
Monday;2020-02-10 00:00:00.000;9;30;144;78;126;2;16;64;80;121
Monday;2020-02-10 00:00:00.000;10;0;146;79;125;2;19;58;88;120
Monday;2020-02-10 00:00:00.000;10;30;132;71;110;2;20;38;94;106
Monday;2020-02-10 00:00:00.000;11;0;121;65;100;2;19;35;86;97
Monday;2020-02-10 00:00:00.000;11;30;123;66;100;3;20;28;95;101
Monday;2020-02-10 00:00:00.000;12;0;123;66;104;3;16;33;90;105
Monday;2020-02-10 00:00:00.000;12;30;118;64;100;3;15;39;79;97
Monday;2020-02-10 00:00:00.000;13;0;117;63;96;3;18;38;79;94
Monday;2020-02-10 00:00:00.000;13;30;106;57;88;2;16;27;79;87
Monday;2020-02-10 00:00:00.000;14;0;123;66;104;2;17;36;87;102
Monday;2020-02-10 00:00:00.000;14;30;125;68;103;3;19;34;91;101
Monday;2020-02-10 00:00:00.000;15;0;123;66;103;2;18;38;85;102
Monday;2020-02-10 00:00:00.000;15;30;117;63;97;2;18;33;84;96
Monday;2020-02-10 00:00:00.000;16;0;118;64;96;3;19;34;84;95
Monday;2020-02-10 00:00:00.000;16;30;119;64;95;3;21;39;80;94
Monday;2020-02-10 00:00:00.000;17;0;111;60;92;1;18;33;78;91
Monday;2020-02-10 00:00:00.000;17;30;109;59;92;2;15;36;73;90
Monday;2020-02-10 00:00:00.000;18;0;104;56;89;2;13;34;70;89
Monday;2020-02-10 00:00:00.000;18;30;90;49;72;3;15;27;63;72
Monday;2020-02-10 00:00:00.000;19;0;86;47;68;2;16;30;56;68
Monday;2020-02-10 00:00:00.000;19;30;78;42;61;1;16;27;51;61
Monday;2020-02-10 00:00:00.000;20;0;84;46;68;2;14;33;51;68
Monday;2020-02-10 00:00:00.000;20;30;71;39;56;1;14;27;44;56
Monday;2020-02-10 00:00:00.000;21;0;65;35;53;2;10;32;33;53
Monday;2020-02-10 00:00:00.000;21;30;57;31;42;1;14;23;34;42
Monday;2020-02-10 00:00:00.000;22;0;53;29;40;1;12;18;35;40
Monday;2020-02-10 00:00:00.000;22;30;48;26;33;2;13;16;32;33
Monday;2020-02-10 00:00:00.000;23;0;42;23;28;2;12;10;32;28
Monday;2020-02-10 00:00:00.000;23;30;45;25;30;1;14;11;34;30
Tuesday;2020-02-11 00:00:00.000;0;0;40;22;27;1;12;12;28;27
Tuesday;2020-02-11 00:00:00.000;0;30;43;24;27;1;15;11;32;27
Tuesday;2020-02-11 00:00:00.000;1;0;35;19;22;1;12;9;26;22
Tuesday;2020-02-11 00:00:00.000;1;30;34;19;24;0;10;10;24;24
Tuesday;2020-02-11 00:00:00.000;2;0;32;18;23;0;9;8;24;23
Tuesday;2020-02-11 00:00:00.000;2;30;33;18;23;0;10;9;24;23
Tuesday;2020-02-11 00:00:00.000;3;0;35;19;24;1;10;10;25;24
Tuesday;2020-02-11 00:00:00.000;3;30;34;19;24;0;10;9;25;24
Tuesday;2020-02-11 00:00:00.000;4;0;34;19;24;0;10;11;23;24
Tuesday;2020-02-11 00:00:00.000;4;30;36;20;24;2;10;11;25;24
Tuesday;2020-02-11 00:00:00.000;5;0;40;22;25;2;13;11;29;25
Tuesday;2020-02-11 00:00:00.000;5;30;42;23;26;1;15;13;29;26
Tuesday;2020-02-11 00:00:00.000;6;0;70;38;53;2;15;27;43;51
Tuesday;2020-02-11 00:00:00.000;6;30;70;38;55;2;13;28;42;53
Tuesday;2020-02-11 00:00:00.000;7;0;93;50;79;2;12;43;50;77
Tuesday;2020-02-11 00:00:00.000;7;30;119;64;104;3;12;54;65;100
Tuesday;2020-02-11 00:00:00.000;8;0;146;79;127;2;17;61;85;122
Tuesday;2020-02-11 00:00:00.000;8;30;175;94;151;5;19;76;99;147
Tuesday;2020-02-11 00:00:00.000;9;0;184;99;165;5;14;79;105;163
Tuesday;2020-02-11 00:00:00.000;9;30;197;106;176;6;15;82;115;170
Tuesday;2020-02-11 00:00:00.000;10;0;182;98;167;4;11;76;106;159
Tuesday;2020-02-11 00:00:00.000;10;30;177;95;156;4;17;77;100;148
Tuesday;2020-02-11 00:00:00.000;11;0;173;93;157;3;13;74;99;152
Tuesday;2020-02-11 00:00:00.000;11;30;204;110;187;3;14;91;113;180
Tuesday;2020-02-11 00:00:00.000;12;0;203;109;183;3;17;92;111;176
Tuesday;2020-02-11 00:00:00.000;12;30;196;106;178;3;15;82;114;172
Tuesday;2020-02-11 00:00:00.000;13;0;210;113;190;4;16;81;129;184
Tuesday;2020-02-11 00:00:00.000;13;30;204;110;180;4;20;81;123;175
Tuesday;2020-02-11 00:00:00.000;14;0;221;119;196;5;20;92;129;192
Tuesday;2020-02-11 00:00:00.000;14;30;221;119;200;4;17;91;130;194
Tuesday;2020-02-11 00:00:00.000;15;0;200;108;181;3;16;96;104;176
Tuesday;2020-02-11 00:00:00.000;15;30;187;101;168;2;17;76;111;162
Tuesday;2020-02-11 00:00:00.000;16;0;177;95;156;2;19;75;102;152
Tuesday;2020-02-11 00:00:00.000;16;30;186;100;161;1;24;75;111;158
Tuesday;2020-02-11 00:00:00.000;17;0;176;95;153;2;21;81;95;150
Tuesday;2020-02-11 00:00:00.000;17;30;166;90;147;1;18;73;93;143
Tuesday;2020-02-11 00:00:00.000;18;0;157;85;140;1;16;70;87;137
Tuesday;2020-02-11 00:00:00.000;18;30;148;80;132;1;15;65;83;130
Tuesday;2020-02-11 00:00:00.000;19;0;149;80;129;2;18;63;86;127
Tuesday;2020-02-11 00:00:00.000;19;30;139;75;120;2;17;63;76;120
Tuesday;2020-02-11 00:00:00.000;20;0;138;75;124;1;13;70;68;123
Tuesday;2020-02-11 00:00:00.000;20;30;129;70;110;2;17;58;71;109
Tuesday;2020-02-11 00:00:00.000;21;0;120;65;101;1;18;56;64;100
Tuesday;2020-02-11 00:00:00.000;21;30;115;62;95;1;19;54;61;94
Tuesday;2020-02-11 00:00:00.000;22;0;103;56;86;1;16;48;55;85
Tuesday;2020-02-11 00:00:00.000;22;30;90;49;76;1;13;41;49;75
Tuesday;2020-02-11 00:00:00.000;23;0;77;42;63;1;13;35;42;63
Tuesday;2020-02-11 00:00:00.000;23;30;77;42;61;1;15;36;41;59
Wednesday;2020-02-12 00:00:00.000;0;0;78;42;61;1;16;34;44;61
Wednesday;2020-02-12 00:00:00.000;0;30;75;41;58;1;16;32;43;56
Wednesday;2020-02-12 00:00:00.000;1;0;68;37;52;0;16;27;41;50
Wednesday;2020-02-12 00:00:00.000;1;30;62;34;46;1;15;23;39;44
Wednesday;2020-02-12 00:00:00.000;2;0;60;33;45;0;15;23;37;43
Wednesday;2020-02-12 00:00:00.000;2;30;60;33;45;0;15;21;39;43
Wednesday;2020-02-12 00:00:00.000;3;0;59;32;43;0;16;21;38;41
Wednesday;2020-02-12 00:00:00.000;3;30;60;33;45;1;14;23;37;43
Wednesday;2020-02-12 00:00:00.000;4;0;53;29;38;0;15;19;34;36
Wednesday;2020-02-12 00:00:00.000;4;30;57;31;42;0;15;22;35;40
Wednesday;2020-02-12 00:00:00.000;5;0;64;35;45;3;16;25;39;43
Wednesday;2020-02-12 00:00:00.000;5;30;73;40;57;1;15;30;43;55
Wednesday;2020-02-12 00:00:00.000;6;0;89;48;73;1;15;40;49;71
Wednesday;2020-02-12 00:00:00.000;6;30;96;52;81;2;13;38;58;79
Wednesday;2020-02-12 00:00:00.000;7;0;127;69;112;1;14;61;66;108
Wednesday;2020-02-12 00:00:00.000;7;30;148;80;129;3;16;70;78;126
Wednesday;2020-02-12 00:00:00.000;8;0;169;91;153;2;14;87;82;148
Wednesday;2020-02-12 00:00:00.000;8;30;193;104;174;2;17;93;100;170
Wednesday;2020-02-12 00:00:00.000;9;0;203;109;185;2;16;86;117;180
Wednesday;2020-02-12 00:00:00.000;9;30;229;123;206;3;20;94;135;201
Wednesday;2020-02-12 00:00:00.000;10;0;246;132;226;2;18;105;141;220
Wednesday;2020-02-12 00:00:00.000;10;30;259;139;234;3;22;106;153;228
Wednesday;2020-02-12 00:00:00.000;11;0;266;143;240;3;23;108;158;235
Wednesday;2020-02-12 00:00:00.000;11;30;248;134;225;4;19;110;138;218
Wednesday;2020-02-12 00:00:00.000;12;0;237;128;210;5;22;108;129;203
Wednesday;2020-02-12 00:00:00.000;12;30;243;131;217;4;22;110;133;211
Wednesday;2020-02-12 00:00:00.000;13;0;239;129;217;3;19;103;136;213
Wednesday;2020-02-12 00:00:00.000;13;30;240;129;218;4;18;110;130;212
Wednesday;2020-02-12 00:00:00.000;14;0;243;131;216;4;23;107;136;209
Wednesday;2020-02-12 00:00:00.000;14;30;228;123;204;3;21;111;117;197
Wednesday;2020-02-12 00:00:00.000;15;0;212;114;189;3;20;99;113;181
Wednesday;2020-02-12 00:00:00.000;15;30;221;119;193;4;24;106;115;186
Wednesday;2020-02-12 00:00:00.000;16;0;218;117;194;5;19;101;117;187
Wednesday;2020-02-12 00:00:00.000;16;30;191;103;172;5;14;93;98;165
Wednesday;2020-02-12 00:00:00.000;17;0;187;101;165;6;16;95;92;159
Wednesday;2020-02-12 00:00:00.000;17;30;174;94;156;5;13;90;84;153
Wednesday;2020-02-12 00:00:00.000;18;0;176;95;159;4;13;85;91;153
Wednesday;2020-02-12 00:00:00.000;18;30;153;83;136;5;12;73;80;130
Wednesday;2020-02-12 00:00:00.000;19;0;149;80;128;3;18;74;75;123
Wednesday;2020-02-12 00:00:00.000;19;30;136;73;119;2;15;75;61;116
Wednesday;2020-02-12 00:00:00.000;20;0;131;71;111;3;17;69;62;108
Wednesday;2020-02-12 00:00:00.000;20;30;127;69;108;2;17;66;61;104
Wednesday;2020-02-12 00:00:00.000;21;0;124;67;105;2;17;64;60;103
Wednesday;2020-02-12 00:00:00.000;21;30;120;65;103;2;15;58;62;100
Wednesday;2020-02-12 00:00:00.000;22;0;100;54;84;2;14;49;51;80
Wednesday;2020-02-12 00:00:00.000;22;30;99;54;82;2;15;44;55;79
Wednesday;2020-02-12 00:00:00.000;23;0;94;51;75;2;17;44;50;72
Wednesday;2020-02-12 00:00:00.000;23;30;80;43;63;2;15;35;45;60
Thursday;2020-02-13 00:00:00.000;0;0;74;40;57;2;15;30;44;54
Thursday;2020-02-13 00:00:00.000;0;30;65;35;51;2;12;27;38;48
Thursday;2020-02-13 00:00:00.000;1;0;62;34;47;2;13;23;39;44
Thursday;2020-02-13 00:00:00.000;1;30;60;33;45;2;13;22;38;42
Thursday;2020-02-13 00:00:00.000;2;0;53;29;40;2;11;18;35;38
Thursday;2020-02-13 00:00:00.000;2;30;53;29;39;2;12;18;35;36
Thursday;2020-02-13 00:00:00.000;3;0;51;28;37;2;12;17;34;35
Thursday;2020-02-13 00:00:00.000;3;30;53;29;39;2;12;17;36;37
Thursday;2020-02-13 00:00:00.000;4;0;51;28;37;2;12;17;34;35
Thursday;2020-02-13 00:00:00.000;4;30;51;28;38;2;11;19;32;36
Thursday;2020-02-13 00:00:00.000;5;0;55;30;39;4;12;19;36;37
Thursday;2020-02-13 00:00:00.000;5;30;69;38;53;3;13;29;40;51
Thursday;2020-02-13 00:00:00.000;6;0;93;50;76;4;13;45;48;73
Thursday;2020-02-13 00:00:00.000;6;30;116;63;98;4;14;61;55;95
Thursday;2020-02-13 00:00:00.000;7;0;149;80;130;4;15;84;65;126
Thursday;2020-02-13 00:00:00.000;7;30;173;93;153;4;16;98;75;149
Thursday;2020-02-13 00:00:00.000;8;0;194;105;174;4;16;105;89;168
Thursday;2020-02-13 00:00:00.000;8;30;217;117;197;4;16;121;96;193
Thursday;2020-02-13 00:00:00.000;9;0;238;128;218;5;15;120;118;213
Thursday;2020-02-13 00:00:00.000;9;30;257;138;235;4;18;128;129;225
Thursday;2020-02-13 00:00:00.000;10;0;237;128;218;4;15;134;103;208
Thursday;2020-02-13 00:00:00.000;10;30;250;135;228;6;16;135;115;222
Thursday;2020-02-13 00:00:00.000;11;0;240;129;215;6;19;127;113;204
Thursday;2020-02-13 00:00:00.000;11;30;241;130;214;6;21;126;115;204
Thursday;2020-02-13 00:00:00.000;12;0;240;129;214;5;21;130;110;207
Thursday;2020-02-13 00:00:00.000;12;30;229;123;202;5;22;123;106;194
Thursday;2020-02-13 00:00:00.000;13;0;220;118;197;5;18;122;98;188
Thursday;2020-02-13 00:00:00.000;13;30;247;133;226;3;18;142;105;219
Thursday;2020-02-13 00:00:00.000;14;0;238;128;221;4;13;140;98;215
Thursday;2020-02-13 00:00:00.000;14;30;253;136;229;7;17;143;110;223
Thursday;2020-02-13 00:00:00.000;15;0;237;128;214;7;16;127;110;209
Thursday;2020-02-13 00:00:00.000;15;30;221;119;200;5;16;122;99;195
Thursday;2020-02-13 00:00:00.000;16;0;200;108;184;4;12;104;96;177
Thursday;2020-02-13 00:00:00.000;16;30;194;105;177;2;15;102;92;173
Thursday;2020-02-13 00:00:00.000;17;0;192;103;174;2;16;91;101;169
Thursday;2020-02-13 00:00:00.000;17;30;197;106;177;2;18;91;106;172
Thursday;2020-02-13 00:00:00.000;18;0;171;92;151;3;17;85;86;146
Thursday;2020-02-13 00:00:00.000;18;30;173;93;153;3;17;88;85;150
Thursday;2020-02-13 00:00:00.000;19;0;167;90;145;2;20;83;84;140
Thursday;2020-02-13 00:00:00.000;19;30;155;84;132;2;21;83;72;127
Thursday;2020-02-13 00:00:00.000;20;0;143;77;126;2;15;82;61;121
Thursday;2020-02-13 00:00:00.000;20;30;139;75;122;2;15;79;60;118
Thursday;2020-02-13 00:00:00.000;21;0;143;77;123;2;18;73;70;119
Thursday;2020-02-13 00:00:00.000;21;30;147;79;124;2;21;67;80;120
Thursday;2020-02-13 00:00:00.000;22;0;116;63;96;2;18;52;64;92
Thursday;2020-02-13 00:00:00.000;22;30;115;62;93;2;20;54;61;90
Thursday;2020-02-13 00:00:00.000;23;0;97;53;73;2;22;39;58;70
Thursday;2020-02-13 00:00:00.000;23;30;93;50;70;2;21;38;55;67
Friday;2020-02-14 00:00:00.000;0;0;85;46;62;2;21;34;51;58
Friday;2020-02-14 00:00:00.000;0;30;79;43;60;2;17;34;45;56
Friday;2020-02-14 00:00:00.000;1;0;66;36;47;2;17;26;40;43
Friday;2020-02-14 00:00:00.000;1;30;65;35;45;2;18;23;42;41
Friday;2020-02-14 00:00:00.000;2;0;62;34;42;1;19;22;40;39
Friday;2020-02-14 00:00:00.000;2;30;59;32;41;1;17;22;37;38
Friday;2020-02-14 00:00:00.000;3;0;57;31;40;1;16;22;35;37
Friday;2020-02-14 00:00:00.000;3;30;56;31;38;1;17;20;36;36
Friday;2020-02-14 00:00:00.000;4;0;57;31;40;1;16;22;35;37
Friday;2020-02-14 00:00:00.000;4;30;59;32;42;1;16;22;37;40
Friday;2020-02-14 00:00:00.000;5;0;67;36;45;3;19;22;45;43
Friday;2020-02-14 00:00:00.000;5;30;81;44;60;3;18;32;49;58
Friday;2020-02-14 00:00:00.000;6;0;101;55;79;1;21;48;53;77
Friday;2020-02-14 00:00:00.000;6;30;130;70;111;2;17;65;65;108
Friday;2020-02-14 00:00:00.000;7;0;160;86;138;4;18;81;79;135
Friday;2020-02-14 00:00:00.000;7;30;174;94;153;3;18;88;86;150
Friday;2020-02-14 00:00:00.000;8;0;203;109;184;3;16;107;96;180
Friday;2020-02-14 00:00:00.000;8;30;215;116;192;3;20;114;101;187
Friday;2020-02-14 00:00:00.000;9;0;240;129;216;3;21;120;120;213
Friday;2020-02-14 00:00:00.000;9;30;243;131;212;5;26;120;123;208
Friday;2020-02-14 00:00:00.000;10;0;256;138;224;6;26;124;132;218
Friday;2020-02-14 00:00:00.000;10;30;252;136;223;6;23;134;118;216
Friday;2020-02-14 00:00:00.000;11;0;234;126;206;7;21;116;118;198
Friday;2020-02-14 00:00:00.000;11;30;255;137;228;5;22;130;125;220
Friday;2020-02-14 00:00:00.000;12;0;232;125;207;5;20;119;113;199
Friday;2020-02-14 00:00:00.000;12;30;230;124;201;6;23;119;111;191
Friday;2020-02-14 00:00:00.000;13;0;222;120;198;7;17;118;104;188
Friday;2020-02-14 00:00:00.000;13;30;227;122;200;5;22;116;111;190
Friday;2020-02-14 00:00:00.000;14;0;248;134;222;5;21;124;124;210
Friday;2020-02-14 00:00:00.000;14;30;248;134;223;5;20;120;128;212
Friday;2020-02-14 00:00:00.000;15;0;219;118;192;5;22;110;109;184
Friday;2020-02-14 00:00:00.000;15;30;216;116;193;4;19;104;112;185
Friday;2020-02-14 00:00:00.000;16;0;223;120;198;4;21;105;118;187
Friday;2020-02-14 00:00:00.000;16;30;203;109;182;3;18;100;103;173
Friday;2020-02-14 00:00:00.000;17;0;191;103;170;4;17;90;101;160
Friday;2020-02-14 00:00:00.000;17;30;186;100;166;4;16;84;102;159
Friday;2020-02-14 00:00:00.000;18;0;193;104;171;3;19;80;113;165
Friday;2020-02-14 00:00:00.000;18;30;160;86;145;1;14;69;91;140
Friday;2020-02-14 00:00:00.000;19;0;155;84;131;2;22;68;87;130
Friday;2020-02-14 00:00:00.000;19;30;146;79;125;2;19;70;76;121
Friday;2020-02-14 00:00:00.000;20;0;146;79;124;3;19;72;74;119
Friday;2020-02-14 00:00:00.000;20;30;128;69;108;3;17;64;64;105
Friday;2020-02-14 00:00:00.000;21;0;55;30;46;0;9;29;26;46
Friday;2020-02-14 00:00:00.000;21;30;101;55;84;3;14;46;55;80
Friday;2020-02-14 00:00:00.000;22;0;108;58;91;3;14;50;58;88
Friday;2020-02-14 00:00:00.000;22;30;94;51;75;1;18;42;52;72
Friday;2020-02-14 00:00:00.000;23;0;95;51;76;2;17;45;50;73
Friday;2020-02-14 00:00:00.000;23;30;87;47;69;2;16;41;46;65
Saturday;2020-02-15 00:00:00.000;0;0;73;40;57;2;14;33;40;53
Saturday;2020-02-15 00:00:00.000;0;30;71;39;57;1;13;32;39;52
Saturday;2020-02-15 00:00:00.000;1;0;62;34;48;0;14;29;33;44
Saturday;2020-02-15 00:00:00.000;1;30;55;30;43;1;11;27;28;39
Saturday;2020-02-15 00:00:00.000;2;0;50;27;40;0;10;23;27;36
Saturday;2020-02-15 00:00:00.000;2;30;48;26;36;0;12;20;28;34
Saturday;2020-02-15 00:00:00.000;3;0;53;29;39;0;14;21;32;37
Saturday;2020-02-15 00:00:00.000;3;30;47;26;34;0;13;20;27;33
Saturday;2020-02-15 00:00:00.000;4;0;51;28;39;0;12;23;28;36
Saturday;2020-02-15 00:00:00.000;4;30;55;30;40;0;15;23;32;36
Saturday;2020-02-15 00:00:00.000;5;0;54;29;41;0;13;25;29;37
Saturday;2020-02-15 00:00:00.000;5;30;59;32;46;1;12;30;29;42
Saturday;2020-02-15 00:00:00.000;6;0;66;36;51;1;14;33;33;47
Saturday;2020-02-15 00:00:00.000;6;30;72;39;54;2;16;33;39;51
Saturday;2020-02-15 00:00:00.000;7;0;82;44;69;1;12;41;41;66
Saturday;2020-02-15 00:00:00.000;7;30;89;48;74;1;14;44;45;70
Saturday;2020-02-15 00:00:00.000;8;0;113;61;94;3;16;52;61;88
Saturday;2020-02-15 00:00:00.000;8;30;118;64;99;2;17;57;61;95
Saturday;2020-02-15 00:00:00.000;9;0;119;64;103;3;13;55;64;101
Saturday;2020-02-15 00:00:00.000;9;30;131;71;110;3;18;61;70;108
Saturday;2020-02-15 00:00:00.000;10;0;152;82;133;2;17;74;78;131
Saturday;2020-02-15 00:00:00.000;10;30;166;90;148;2;16;85;81;145
Saturday;2020-02-15 00:00:00.000;11;0;160;86;141;2;17;80;80;138
Saturday;2020-02-15 00:00:00.000;11;30;155;84;133;2;20;72;83;130
Saturday;2020-02-15 00:00:00.000;12;0;139;75;120;1;18;69;70;118
Saturday;2020-02-15 00:00:00.000;12;30;135;73;117;1;17;66;69;115
Saturday;2020-02-15 00:00:00.000;13;0;142;77;122;2;18;59;83;118
Saturday;2020-02-15 00:00:00.000;13;30;140;76;120;2;18;60;80;115
Saturday;2020-02-15 00:00:00.000;14;0;133;72;116;2;15;57;76;111
Saturday;2020-02-15 00:00:00.000;14;30;118;64;101;2;15;49;69;97
Saturday;2020-02-15 00:00:00.000;15;0;130;70;112;2;16;51;79;108
Saturday;2020-02-15 00:00:00.000;15;30;111;60;96;3;12;44;67;92
Saturday;2020-02-15 00:00:00.000;16;0;123;66;107;1;15;56;67;106
Saturday;2020-02-15 00:00:00.000;16;30;131;71;113;1;17;57;74;110
Saturday;2020-02-15 00:00:00.000;17;0;123;66;107;2;14;50;73;105
Saturday;2020-02-15 00:00:00.000;17;30;112;61;97;1;14;46;66;96
Saturday;2020-02-15 00:00:00.000;18;0;109;59;93;1;15;47;62;92
Saturday;2020-02-15 00:00:00.000;18;30;118;64;102;1;15;55;63;100
Saturday;2020-02-15 00:00:00.000;19;0;120;65;104;0;16;60;60;102
Saturday;2020-02-15 00:00:00.000;19;30;109;59;100;0;9;55;54;96
Saturday;2020-02-15 00:00:00.000;20;0;103;56;95;0;8;56;47;93
Saturday;2020-02-15 00:00:00.000;20;30;98;53;88;0;10;49;49;86
Saturday;2020-02-15 00:00:00.000;21;0;103;56;90;0;13;49;54;88
Saturday;2020-02-15 00:00:00.000;21;30;87;47;73;1;13;40;47;72
Saturday;2020-02-15 00:00:00.000;22;0;83;45;70;1;12;35;48;69
Saturday;2020-02-15 00:00:00.000;22;30;80;43;66;1;13;35;45;65
Saturday;2020-02-15 00:00:00.000;23;0;76;41;64;1;11;36;40;62
Saturday;2020-02-15 00:00:00.000;23;30;78;42;67;1;10;38;40;65
Sunday;2020-02-16 00:00:00.000;0;0;76;41;61;1;14;33;43;59
Sunday;2020-02-16 00:00:00.000;0;30;64;35;49;1;14;23;41;47
Sunday;2020-02-16 00:00:00.000;1;0;56;31;40;1;15;17;39;37
Sunday;2020-02-16 00:00:00.000;1;30;52;28;40;1;11;17;35;37
Sunday;2020-02-16 00:00:00.000;2;0;50;27;36;0;14;15;35;34
Sunday;2020-02-16 00:00:00.000;2;30;44;24;32;0;12;14;30;31
Sunday;2020-02-16 00:00:00.000;3;0;46;25;33;0;13;15;31;32
Sunday;2020-02-16 00:00:00.000;3;30;39;21;29;0;10;12;27;28
Sunday;2020-02-16 00:00:00.000;4;0;41;22;33;0;8;15;26;32
Sunday;2020-02-16 00:00:00.000;4;30;39;21;30;0;9;13;26;29
Sunday;2020-02-16 00:00:00.000;5;0;40;22;31;0;9;11;29;30
Sunday;2020-02-16 00:00:00.000;5;30;44;24;34;0;10;13;31;33
Sunday;2020-02-16 00:00:00.000;6;0;47;26;36;1;10;15;32;33
Sunday;2020-02-16 00:00:00.000;6;30;47;26;36;1;10;15;32;34
Sunday;2020-02-16 00:00:00.000;7;0;51;28;40;1;10;21;30;38
Sunday;2020-02-16 00:00:00.000;7;30;45;25;37;0;8;18;27;35
Sunday;2020-02-16 00:00:00.000;8;0;50;27;42;1;7;19;31;41
Sunday;2020-02-16 00:00:00.000;8;30;60;33;51;1;8;20;40;49
Sunday;2020-02-16 00:00:00.000;9;0;66;36;57;0;9;22;44;54
Sunday;2020-02-16 00:00:00.000;9;30;72;39;61;0;11;28;44;58
Sunday;2020-02-16 00:00:00.000;10;0;75;41;62;0;13;28;47;60
Sunday;2020-02-16 00:00:00.000;10;30;87;47;71;0;16;37;50;68
Sunday;2020-02-16 00:00:00.000;11;0;79;43;67;0;12;35;44;65
Sunday;2020-02-16 00:00:00.000;11;30;89;48;76;0;13;43;46;72
Sunday;2020-02-16 00:00:00.000;12;0;90;49;77;1;12;44;46;73
Sunday;2020-02-16 00:00:00.000;12;30;97;53;79;1;17;44;53;76
Sunday;2020-02-16 00:00:00.000;13;0;91;49;77;0;14;43;48;73
Sunday;2020-02-16 00:00:00.000;13;30;88;48;75;0;13;46;42;71
Sunday;2020-02-16 00:00:00.000;14;0;74;40;65;1;8;40;34;61
Sunday;2020-02-16 00:00:00.000;14;30;69;38;60;0;9;37;32;56
Sunday;2020-02-16 00:00:00.000;15;0;67;36;56;1;10;30;37;53
Sunday;2020-02-16 00:00:00.000;15;30;73;40;61;1;11;33;40;59
Sunday;2020-02-16 00:00:00.000;16;0;80;43;66;1;13;34;46;63
Sunday;2020-02-16 00:00:00.000;16;30;69;38;57;1;11;31;38;55
Sunday;2020-02-16 00:00:00.000;17;0;62;34;48;2;12;26;36;47
Sunday;2020-02-16 00:00:00.000;17;30;68;37;54;1;13;31;37;53
Sunday;2020-02-16 00:00:00.000;18;0;71;39;57;1;13;34;37;55
Sunday;2020-02-16 00:00:00.000;18;30;78;42;65;1;12;43;35;63
Sunday;2020-02-16 00:00:00.000;19;0;76;41;65;1;10;41;35;62
Sunday;2020-02-16 00:00:00.000;19;30;81;44;68;1;12;45;36;66
Sunday;2020-02-16 00:00:00.000;20;0;77;42;67;1;9;42;35;65
Sunday;2020-02-16 00:00:00.000;20;30;79;43;67;1;11;43;36;65
Sunday;2020-02-16 00:00:00.000;21;0;77;42;66;1;10;40;37;63
Sunday;2020-02-16 00:00:00.000;21;30;71;39;58;1;12;35;36;55
Sunday;2020-02-16 00:00:00.000;22;0;71;39;58;1;12;34;37;55
Sunday;2020-02-16 00:00:00.000;22;30;68;37;58;2;8;33;35;55
Sunday;2020-02-16 00:00:00.000;23;0;70;38;56;2;12;32;38;54
Sunday;2020-02-16 00:00:00.000;23;30;65;35;50;2;13;29;36;48
Monday;2020-02-17 00:00:00.000;0;0;63;34;45;2;16;23;40;42
Monday;2020-02-17 00:00:00.000;0;30;54;29;37;2;15;20;34;35
Monday;2020-02-17 00:00:00.000;1;0;57;31;39;1;17;21;36;37
Monday;2020-02-17 00:00:00.000;1;30;52;28;35;2;15;20;32;33
Monday;2020-02-17 00:00:00.000;2;0;48;26;36;1;11;20;28;34
Monday;2020-02-17 00:00:00.000;2;30;45;25;33;0;12;18;27;31
Monday;2020-02-17 00:00:00.000;3;0;43;24;32;0;11;18;25;30
Monday;2020-02-17 00:00:00.000;3;30;49;27;35;1;13;19;30;33
Monday;2020-02-17 00:00:00.000;4;0;49;27;36;0;13;20;29;34
Monday;2020-02-17 00:00:00.000;4;30;50;27;37;0;13;20;30;35
Monday;2020-02-17 00:00:00.000;5;0;54;29;38;2;14;20;34;37
Monday;2020-02-17 00:00:00.000;5;30;67;36;47;6;14;29;38;45
Monday;2020-02-17 00:00:00.000;6;0;89;48;69;2;18;45;44;66
Monday;2020-02-17 00:00:00.000;6;30;113;61;95;2;16;59;54;92
Monday;2020-02-17 00:00:00.000;7;0;144;78;127;2;15;79;65;124
Monday;2020-02-17 00:00:00.000;7;30;161;87;145;1;15;85;76;140
Monday;2020-02-17 00:00:00.000;8;0;184;99;169;2;13;105;79;164
Monday;2020-02-17 00:00:00.000;8;30;191;103;179;1;11;105;86;174
Monday;2020-02-17 00:00:00.000;9;0;211;114;192;1;18;103;108;190
Monday;2020-02-17 00:00:00.000;9;30;230;124;209;1;20;101;129;204
Monday;2020-02-17 00:00:00.000;10;0;224;121;206;1;17;103;121;199
Monday;2020-02-17 00:00:00.000;10;30;196;106;176;1;19;88;108;170
Monday;2020-02-17 00:00:00.000;11;0;226;122;204;3;19;98;128;194
Monday;2020-02-17 00:00:00.000;11;30;229;123;203;2;24;105;124;197
Monday;2020-02-17 00:00:00.000;12;0;226;122;200;3;23;105;121;197
Monday;2020-02-17 00:00:00.000;12;30;233;125;213;2;18;107;126;207
Monday;2020-02-17 00:00:00.000;13;0;222;120;202;2;18;105;117;196
Monday;2020-02-17 00:00:00.000;13;30;230;124;209;3;18;109;121;202
Monday;2020-02-17 00:00:00.000;14;0;222;120;199;4;19;107;115;196
Monday;2020-02-17 00:00:00.000;14;30;219;118;199;3;17;113;106;195
Monday;2020-02-17 00:00:00.000;15;0;185;100;167;4;14;93;92;162
Monday;2020-02-17 00:00:00.000;15;30;191;103;168;2;21;89;102;164
Monday;2020-02-17 00:00:00.000;16;0;177;95;161;4;12;85;92;158
Monday;2020-02-17 00:00:00.000;16;30;153;83;134;4;15;70;83;126
Monday;2020-02-17 00:00:00.000;17;0;150;81;132;4;14;62;88;126
Monday;2020-02-17 00:00:00.000;17;30;137;74;121;3;13;59;78;118
Monday;2020-02-17 00:00:00.000;18;0;143;77;127;2;14;60;83;121
Monday;2020-02-17 00:00:00.000;18;30;163;88;147;1;15;74;89;142
Monday;2020-02-17 00:00:00.000;19;0;144;78;128;1;15;62;82;125
Monday;2020-02-17 00:00:00.000;19;30;134;72;119;1;14;57;77;116
Monday;2020-02-17 00:00:00.000;20;0;140;76;123;1;16;58;82;120
Monday;2020-02-17 00:00:00.000;20;30;119;64;109;1;9;51;68;106
Monday;2020-02-17 00:00:00.000;21;0;138;75;122;2;14;56;82;119
Monday;2020-02-17 00:00:00.000;21;30;121;65;107;1;13;45;76;105
Monday;2020-02-17 00:00:00.000;22;0;111;60;94;1;16;42;69;92
Monday;2020-02-17 00:00:00.000;22;30;94;51;79;1;14;33;61;76
Monday;2020-02-17 00:00:00.000;23;0;87;47;71;1;15;33;54;68
Monday;2020-02-17 00:00:00.000;23;30;86;47;71;1;14;32;54;67
Tuesday;2020-02-18 00:00:00.000;0;0;79;43;64;1;14;31;48;61
Tuesday;2020-02-18 00:00:00.000;0;30;69;38;54;1;14;22;47;51
Tuesday;2020-02-18 00:00:00.000;1;0;62;34;48;1;13;19;43;45
Tuesday;2020-02-18 00:00:00.000;1;30;56;31;43;1;12;16;40;41
Tuesday;2020-02-18 00:00:00.000;2;0;51;28;38;1;12;15;36;36
Tuesday;2020-02-18 00:00:00.000;2;30;53;29;39;1;13;14;39;37
Tuesday;2020-02-18 00:00:00.000;3;0;50;27;38;2;10;14;36;36
Tuesday;2020-02-18 00:00:00.000;3;30;51;28;40;1;10;15;36;38
Tuesday;2020-02-18 00:00:00.000;4;0;51;28;40;1;10;16;35;37
Tuesday;2020-02-18 00:00:00.000;4;30;49;27;38;1;10;16;33;37
Tuesday;2020-02-18 00:00:00.000;5;0;55;30;41;4;10;18;37;40
Tuesday;2020-02-18 00:00:00.000;5;30;60;33;48;2;10;22;38;47
Tuesday;2020-02-18 00:00:00.000;6;0;92;50;80;2;10;47;45;78
Tuesday;2020-02-18 00:00:00.000;6;30;125;68;112;2;11;68;57;110
Tuesday;2020-02-18 00:00:00.000;7;0;133;72;120;3;10;73;60;117
Tuesday;2020-02-18 00:00:00.000;7;30;163;88;146;3;14;85;78;142
Tuesday;2020-02-18 00:00:00.000;8;0;168;91;150;2;16;86;82;146
Tuesday;2020-02-18 00:00:00.000;8;30;167;90;145;3;19;87;80;142
Tuesday;2020-02-18 00:00:00.000;9;0;179;96;161;2;16;92;87;157
Tuesday;2020-02-18 00:00:00.000;9;30;224;121;205;5;14;120;104;199
Tuesday;2020-02-18 00:00:00.000;10;0;222;120;204;4;14;118;104;198
Tuesday;2020-02-18 00:00:00.000;10;30;230;124;210;5;15;115;115;203
Tuesday;2020-02-18 00:00:00.000;11;0;240;129;220;4;16;121;119;211
Tuesday;2020-02-18 00:00:00.000;11;30;237;128;213;2;22;126;111;204
Tuesday;2020-02-18 00:00:00.000;12;0;240;129;215;2;23;119;121;209
Tuesday;2020-02-18 00:00:00.000;12;30;209;113;185;2;22;103;106;178
Tuesday;2020-02-18 00:00:00.000;13;0;227;122;201;3;23;116;111;196
Tuesday;2020-02-18 00:00:00.000;13;30;228;123;205;4;19;121;107;200
Tuesday;2020-02-18 00:00:00.000;14;0;219;118;199;1;19;112;107;194
Tuesday;2020-02-18 00:00:00.000;14;30;237;128;217;2;18;120;117;212
Tuesday;2020-02-18 00:00:00.000;15;0;215;116;197;1;17;103;112;194
Tuesday;2020-02-18 00:00:00.000;15;30;218;117;199;2;17;101;117;194
Tuesday;2020-02-18 00:00:00.000;16;0;210;113;191;1;18;103;107;185
Tuesday;2020-02-18 00:00:00.000;16;30;189;102;173;1;15;91;98;168
Tuesday;2020-02-18 00:00:00.000;17;0;195;105;173;1;21;91;104;170
Tuesday;2020-02-18 00:00:00.000;17;30;166;90;147;1;18;80;86;146
Tuesday;2020-02-18 00:00:00.000;18;0;168;91;149;1;18;72;96;146
Tuesday;2020-02-18 00:00:00.000;18;30;160;86;140;2;18;66;94;138
Tuesday;2020-02-18 00:00:00.000;19;0;133;72;113;1;19;53;80;111
Tuesday;2020-02-18 00:00:00.000;19;30;110;59;92;1;17;46;64;91
Tuesday;2020-02-18 00:00:00.000;20;0;121;65;103;1;17;49;72;102
Tuesday;2020-02-18 00:00:00.000;20;30;114;62;101;1;12;49;65;99
Tuesday;2020-02-18 00:00:00.000;21;0;111;60;94;1;16;45;66;93
Tuesday;2020-02-18 00:00:00.000;21;30;104;56;86;1;17;42;62;84
Tuesday;2020-02-18 00:00:00.000;22;0;92;50;74;1;17;35;57;72
Tuesday;2020-02-18 00:00:00.000;22;30;90;49;71;1;18;34;56;69
Tuesday;2020-02-18 00:00:00.000;23;0;86;47;68;1;17;34;52;66
Tuesday;2020-02-18 00:00:00.000;23;30;76;41;60;1;15;28;48;57
Wednesday;2020-02-19 00:00:00.000;0;0;71;39;53;1;17;24;47;50
Wednesday;2020-02-19 00:00:00.000;0;30;68;37;50;1;17;24;44;48
Wednesday;2020-02-19 00:00:00.000;1;0;63;34;46;1;16;22;41;45
Wednesday;2020-02-19 00:00:00.000;1;30;58;32;42;1;15;20;38;41
Wednesday;2020-02-19 00:00:00.000;2;0;55;30;40;1;14;21;34;38
Wednesday;2020-02-19 00:00:00.000;2;30;52;28;38;1;13;20;32;36
Wednesday;2020-02-19 00:00:00.000;3;0;51;28;35;2;14;20;31;33
Wednesday;2020-02-19 00:00:00.000;3;30;53;29;36;1;16;18;35;34
Wednesday;2020-02-19 00:00:00.000;4;0;54;29;36;1;17;18;36;34
Wednesday;2020-02-19 00:00:00.000;4;30;57;31;38;1;18;19;38;36
Wednesday;2020-02-19 00:00:00.000;5;0;61;33;40;3;18;21;40;37
Wednesday;2020-02-19 00:00:00.000;5;30;69;38;46;3;20;28;41;43
Wednesday;2020-02-19 00:00:00.000;6;0;92;50;75;1;16;48;44;71
Wednesday;2020-02-19 00:00:00.000;6;30;115;62;95;3;17;58;57;92
Wednesday;2020-02-19 00:00:00.000;7;0;145;78;124;3;18;72;73;120
Wednesday;2020-02-19 00:00:00.000;7;30;181;98;156;2;23;90;91;153
Wednesday;2020-02-19 00:00:00.000;8;0;208;112;180;3;25;97;111;177
Wednesday;2020-02-19 00:00:00.000;8;30;231;124;203;3;25;112;119;199
Wednesday;2020-02-19 00:00:00.000;9;0;212;114;187;2;23;103;109;185
Wednesday;2020-02-19 00:00:00.000;9;30;234;126;201;6;27;110;124;194
Wednesday;2020-02-19 00:00:00.000;10;0;245;132;215;5;25;114;131;204
Wednesday;2020-02-19 00:00:00.000;10;30;229;123;199;4;26;110;119;192
Wednesday;2020-02-19 00:00:00.000;11;0;251;135;218;6;27;119;132;212
Wednesday;2020-02-19 00:00:00.000;11;30;234;126;207;6;21;110;124;198
Wednesday;2020-02-19 00:00:00.000;12;0;218;117;191;6;21;112;106;185
Wednesday;2020-02-19 00:00:00.000;12;30;224;121;201;6;17;120;104;193
Wednesday;2020-02-19 00:00:00.000;13;0;236;127;209;8;19;120;116;201
Wednesday;2020-02-19 00:00:00.000;13;30;217;117;189;7;21;112;105;181
Wednesday;2020-02-19 00:00:00.000;14;0;222;120;194;8;20;106;116;187
Wednesday;2020-02-19 00:00:00.000;14;30;222;120;197;6;19;113;109;189
Wednesday;2020-02-19 00:00:00.000;15;0;228;123;201;5;22;107;121;194
Wednesday;2020-02-19 00:00:00.000;15;30;216;116;195;3;18;107;109;186
Wednesday;2020-02-19 00:00:00.000;16;0;220;118;200;3;17;111;109;193
Wednesday;2020-02-19 00:00:00.000;16;30;195;105;171;5;19;94;101;165
Wednesday;2020-02-19 00:00:00.000;17;0;175;94;160;2;13;90;85;156
Wednesday;2020-02-19 00:00:00.000;17;30;158;85;142;3;13;72;86;137
Wednesday;2020-02-19 00:00:00.000;18;0;148;80;135;2;11;68;80;132
Wednesday;2020-02-19 00:00:00.000;18;30;146;79;125;3;18;66;80;123
Wednesday;2020-02-19 00:00:00.000;19;0;143;77;122;2;19;62;81;120
Wednesday;2020-02-19 00:00:00.000;19;30;145;78;123;1;21;67;78;121
Wednesday;2020-02-19 00:00:00.000;20;0;133;72;115;1;17;62;71;113
Wednesday;2020-02-19 00:00:00.000;20;30;143;77;120;1;22;64;79;118
Wednesday;2020-02-19 00:00:00.000;21;0;124;67;98;2;24;55;69;95
Wednesday;2020-02-19 00:00:00.000;21;30;127;69;103;2;22;54;73;102
Wednesday;2020-02-19 00:00:00.000;22;0;109;59;88;1;20;48;61;87
Wednesday;2020-02-19 00:00:00.000;22;30;107;58;81;1;25;44;63;79
Wednesday;2020-02-19 00:00:00.000;23;0;92;50;71;2;19;41;51;69
Wednesday;2020-02-19 00:00:00.000;23;30;83;45;63;2;18;37;46;61
Thursday;2020-02-20 00:00:00.000;0;0;79;43;58;2;19;34;45;57
Thursday;2020-02-20 00:00:00.000;0;30;75;41;52;2;21;29;46;50
Thursday;2020-02-20 00:00:00.000;1;0;68;37;47;1;20;28;40;46
Thursday;2020-02-20 00:00:00.000;1;30;67;36;47;1;19;28;39;45
Thursday;2020-02-20 00:00:00.000;2;0;61;33;43;1;17;24;37;40
Thursday;2020-02-20 00:00:00.000;2;30;64;35;44;1;19;22;42;42
Thursday;2020-02-20 00:00:00.000;3;0;59;32;39;2;18;21;38;36
Thursday;2020-02-20 00:00:00.000;3;30;55;30;39;1;15;20;35;36
Thursday;2020-02-20 00:00:00.000;4;0;52;28;35;1;16;20;32;31
Thursday;2020-02-20 00:00:00.000;4;30;58;32;37;1;20;20;38;34
Thursday;2020-02-20 00:00:00.000;5;0;63;34;41;4;18;20;43;39
Thursday;2020-02-20 00:00:00.000;5;30;73;40;52;4;17;27;46;50
Thursday;2020-02-20 00:00:00.000;6;0;99;54;78;1;20;47;52;75
Thursday;2020-02-20 00:00:00.000;6;30;127;69;102;2;23;66;61;99
Thursday;2020-02-20 00:00:00.000;7;0;151;81;125;2;24;75;76;121
Thursday;2020-02-20 00:00:00.000;7;30;177;95;150;3;24;90;87;146
Thursday;2020-02-20 00:00:00.000;8;0;203;109;179;2;22;105;98;174
Thursday;2020-02-20 00:00:00.000;8;30;219;118;198;2;19;111;108;190
Thursday;2020-02-20 00:00:00.000;9;0;253;136;235;2;16;131;122;228
Thursday;2020-02-20 00:00:00.000;9;30;230;124;209;3;18;118;112;204
Thursday;2020-02-20 00:00:00.000;10;0;243;131;214;6;23;124;119;203
Thursday;2020-02-20 00:00:00.000;10;30;247;133;219;9;19;134;113;211
Thursday;2020-02-20 00:00:00.000;11;0;257;138;228;8;21;136;121;223
Thursday;2020-02-20 00:00:00.000;11;30;269;145;241;6;22;139;130;231
Thursday;2020-02-20 00:00:00.000;12;0;242;130;217;3;22;130;112;206
Thursday;2020-02-20 00:00:00.000;12;30;217;117;188;6;23;112;105;180
Thursday;2020-02-20 00:00:00.000;13;0;203;109;179;5;19;102;101;171
Thursday;2020-02-20 00:00:00.000;13;30;213;115;193;3;17;109;104;186
Thursday;2020-02-20 00:00:00.000;14;0;218;117;195;3;20;112;106;191
Thursday;2020-02-20 00:00:00.000;14;30;213;115;191;3;19;110;103;186
Thursday;2020-02-20 00:00:00.000;15;0;205;110;176;3;26;96;109;175
Thursday;2020-02-20 00:00:00.000;15;30;188;101;160;3;25;87;101;155
Thursday;2020-02-20 00:00:00.000;16;0;161;87;135;3;23;66;95;130
Thursday;2020-02-20 00:00:00.000;16;30;153;83;129;3;21;61;92;124
Thursday;2020-02-20 00:00:00.000;17;0;177;95;153;3;21;78;99;150
Thursday;2020-02-20 00:00:00.000;17;30;186;100;157;3;26;82;104;151
Thursday;2020-02-20 00:00:00.000;18;0;178;96;152;3;23;76;102;146
Thursday;2020-02-20 00:00:00.000;18;30;162;87;136;3;23;74;88;131
Thursday;2020-02-20 00:00:00.000;19;0;171;92;144;3;24;75;96;139
Thursday;2020-02-20 00:00:00.000;19;30;166;90;144;2;20;74;92;139
Thursday;2020-02-20 00:00:00.000;20;0;156;84;134;2;20;74;82;128
Thursday;2020-02-20 00:00:00.000;20;30;146;79;125;3;18;69;77;120
Thursday;2020-02-20 00:00:00.000;21;0;137;74;109;3;25;61;76;108
Thursday;2020-02-20 00:00:00.000;21;30;136;73;112;2;22;58;78;108
Thursday;2020-02-20 00:00:00.000;22;0;125;68;101;2;22;56;69;98
Thursday;2020-02-20 00:00:00.000;22;30;102;55;77;2;23;37;65;74
Thursday;2020-02-20 00:00:00.000;23;0;90;49;68;2;20;33;57;65
Thursday;2020-02-20 00:00:00.000;23;30;92;50;69;2;21;32;60;66
Friday;2020-02-21 00:00:00.000;0;0;85;46;65;2;18;30;55;61
Friday;2020-02-21 00:00:00.000;0;30;83;45;62;2;19;27;56;59
Friday;2020-02-21 00:00:00.000;1;0;82;44;60;2;20;27;55;58
Friday;2020-02-21 00:00:00.000;1;30;75;41;56;2;17;25;50;54
Friday;2020-02-21 00:00:00.000;2;0;68;37;49;2;17;23;45;47
Friday;2020-02-21 00:00:00.000;2;30;69;38;49;2;18;23;46;47
Friday;2020-02-21 00:00:00.000;3;0;69;38;46;3;20;22;47;44
Friday;2020-02-21 00:00:00.000;3;30;67;36;45;2;20;20;47;43
Friday;2020-02-21 00:00:00.000;4;0;65;35;46;2;17;21;44;44
Friday;2020-02-21 00:00:00.000;4;30;67;36;45;3;19;20;47;43
Friday;2020-02-21 00:00:00.000;5;0;66;36;44;4;18;19;47;42
Friday;2020-02-21 00:00:00.000;5;30;70;38;51;4;15;22;48;49
Friday;2020-02-21 00:00:00.000;6;0;95;51;75;2;18;40;55;74
Friday;2020-02-21 00:00:00.000;6;30;127;69;104;1;22;62;65;103
Friday;2020-02-21 00:00:00.000;7;0;146;79;124;2;20;70;76;122
Friday;2020-02-21 00:00:00.000;7;30;167;90;144;2;21;85;82;141
Friday;2020-02-21 00:00:00.000;8;0;184;99;165;2;17;96;88;162
Friday;2020-02-21 00:00:00.000;8;30;204;110;187;2;15;97;107;185
Friday;2020-02-21 00:00:00.000;9;0;199;107;181;3;15;97;102;177
Friday;2020-02-21 00:00:00.000;9;30;211;114;193;2;16;98;113;187
Friday;2020-02-21 00:00:00.000;10;0;216;116;203;2;11;99;117;194
Friday;2020-02-21 00:00:00.000;10;30;215;116;196;3;16;98;117;191
Friday;2020-02-21 00:00:00.000;11;0;208;112;189;2;17;91;117;183
Friday;2020-02-21 00:00:00.000;11;30;214;115;194;3;17;107;107;188
Friday;2020-02-21 00:00:00.000;12;0;208;112;187;5;16;106;102;185
Friday;2020-02-21 00:00:00.000;12;30;195;105;174;3;18;93;102;173
Friday;2020-02-21 00:00:00.000;13;0;191;103;173;2;16;92;99;172
Friday;2020-02-21 00:00:00.000;13;30;182;98;165;3;14;89;93;162
Friday;2020-02-21 00:00:00.000;14;0;189;102;169;5;15;85;104;166
Friday;2020-02-21 00:00:00.000;14;30;183;99;164;3;16;75;108;161
Friday;2020-02-21 00:00:00.000;15;0;185;100;163;6;16;75;110;160
Friday;2020-02-21 00:00:00.000;15;30;179;96;160;2;17;77;102;156
Friday;2020-02-21 00:00:00.000;16;0;164;88;142;4;18;66;98;139
Friday;2020-02-21 00:00:00.000;16;30;165;89;146;2;17;61;104;142
Friday;2020-02-21 00:00:00.000;17;0;182;98;161;1;20;62;120;155
Friday;2020-02-21 00:00:00.000;17;30;181;98;167;0;14;73;108;164
Friday;2020-02-21 00:00:00.000;18;0;167;90;152;0;15;65;102;152
Friday;2020-02-21 00:00:00.000;18;30;153;83;137;0;16;62;91;134
Friday;2020-02-21 00:00:00.000;19;0;164;88;145;0;19;79;85;140
Friday;2020-02-21 00:00:00.000;19;30;147;79;129;1;17;73;74;127
Friday;2020-02-21 00:00:00.000;20;0;149;80;131;1;17;72;77;129
Friday;2020-02-21 00:00:00.000;20;30;138;75;122;0;16;69;69;120
Friday;2020-02-21 00:00:00.000;21;0;125;68;107;1;17;67;58;105
Friday;2020-02-21 00:00:00.000;21;30;126;68;109;0;17;62;64;107
Friday;2020-02-21 00:00:00.000;22;0;110;59;93;0;17;53;57;90
Friday;2020-02-21 00:00:00.000;22;30;105;57;91;0;14;54;51;86
Friday;2020-02-21 00:00:00.000;23;0;97;53;80;0;17;47;50;78
Friday;2020-02-21 00:00:00.000;23;30;93;50;75;0;18;43;50;73
Saturday;2020-02-22 00:00:00.000;0;0;82;44;67;1;14;37;45;65
Saturday;2020-02-22 00:00:00.000;0;30;72;39;57;0;15;30;42;55
Saturday;2020-02-22 00:00:00.000;1;0;70;38;56;0;14;29;41;54
Saturday;2020-02-22 00:00:00.000;1;30;69;38;53;0;16;24;45;51
Saturday;2020-02-22 00:00:00.000;2;0;64;35;49;0;15;22;42;48
Saturday;2020-02-22 00:00:00.000;2;30;58;32;44;0;14;20;38;43
Saturday;2020-02-22 00:00:00.000;3;0;54;29;41;0;13;17;37;40
Saturday;2020-02-22 00:00:00.000;3;30;51;28;36;1;14;16;35;35
Saturday;2020-02-22 00:00:00.000;4;0;49;27;35;1;13;16;33;33
Saturday;2020-02-22 00:00:00.000;4;30;49;27;35;1;13;17;32;34
Saturday;2020-02-22 00:00:00.000;5;0;47;26;32;1;14;16;31;31
Saturday;2020-02-22 00:00:00.000;5;30;52;28;37;1;14;17;35;36
Saturday;2020-02-22 00:00:00.000;6;0;56;31;40;1;15;20;36;39
Saturday;2020-02-22 00:00:00.000;6;30;65;35;51;1;13;24;41;50
Saturday;2020-02-22 00:00:00.000;7;0;67;36;51;1;15;25;42;51
Saturday;2020-02-22 00:00:00.000;7;30;87;47;65;2;20;36;51;64
Saturday;2020-02-22 00:00:00.000;8;0;93;50;71;2;20;37;56;71
Saturday;2020-02-22 00:00:00.000;8;30;99;54;83;2;14;42;57;83
Saturday;2020-02-22 00:00:00.000;9;0;107;58;92;1;14;46;61;92
Saturday;2020-02-22 00:00:00.000;9;30;123;66;106;1;16;55;68;106
Saturday;2020-02-22 00:00:00.000;10;0;125;68;109;1;15;64;61;108
Saturday;2020-02-22 00:00:00.000;10;30;129;70;111;2;16;68;61;111
Saturday;2020-02-22 00:00:00.000;11;0;134;72;120;1;13;71;63;120
Saturday;2020-02-22 00:00:00.000;11;30;143;77;130;1;12;75;68;129
Saturday;2020-02-22 00:00:00.000;12;0;133;72;118;1;14;70;63;117
Saturday;2020-02-22 00:00:00.000;12;30;131;71;113;2;16;63;68;112
Saturday;2020-02-22 00:00:00.000;13;0;126;68;109;1;16;59;67;108
Saturday;2020-02-22 00:00:00.000;13;30;127;69;107;2;18;61;66;106
Saturday;2020-02-22 00:00:00.000;14;0;142;77;121;2;19;73;69;120
Saturday;2020-02-22 00:00:00.000;14;30;138;75;118;2;18;62;76;117
Saturday;2020-02-22 00:00:00.000;15;0;127;69;109;2;16;60;67;107
Saturday;2020-02-22 00:00:00.000;15;30;124;67;104;1;19;57;67;102
Saturday;2020-02-22 00:00:00.000;16;0;121;65;105;1;15;59;62;103
Saturday;2020-02-22 00:00:00.000;16;30;112;61;96;1;15;53;59;94
Saturday;2020-02-22 00:00:00.000;17;0;123;66;105;1;17;59;64;103
Saturday;2020-02-22 00:00:00.000;17;30;116;63;99;0;17;55;61;97
Saturday;2020-02-22 00:00:00.000;18;0;113;61;95;0;18;44;69;93
Saturday;2020-02-22 00:00:00.000;18;30;115;62;99;0;16;51;64;96
Saturday;2020-02-22 00:00:00.000;19;0;119;64;100;1;18;50;69;97
Saturday;2020-02-22 00:00:00.000;19;30;120;65;101;2;17;57;63;98
Saturday;2020-02-22 00:00:00.000;20;0;110;59;92;2;16;55;55;89
Saturday;2020-02-22 00:00:00.000;20;30;117;63;96;2;19;54;63;93
Saturday;2020-02-22 00:00:00.000;21;0;122;66;97;2;23;53;69;94
Saturday;2020-02-22 00:00:00.000;21;30;109;59;87;1;21;47;62;85
Saturday;2020-02-22 00:00:00.000;22;0;96;52;75;2;19;39;57;73
Saturday;2020-02-22 00:00:00.000;22;30;86;47;64;2;20;28;58;62
Saturday;2020-02-22 00:00:00.000;23;0;83;45;63;2;18;33;50;61
Saturday;2020-02-22 00:00:00.000;23;30;84;46;67;2;15;34;50;66
Sunday;2020-02-23 00:00:00.000;0;0;73;40;57;2;14;27;46;56
Sunday;2020-02-23 00:00:00.000;0;30;66;36;50;2;14;22;44;49
Sunday;2020-02-23 00:00:00.000;1;0;54;29;43;1;10;17;37;42
Sunday;2020-02-23 00:00:00.000;1;30;49;27;39;1;9;18;31;38
Sunday;2020-02-23 00:00:00.000;2;0;47;26;36;0;11;15;32;35
Sunday;2020-02-23 00:00:00.000;2;30;45;25;32;1;12;13;32;31
Sunday;2020-02-23 00:00:00.000;3;0;37;20;27;0;10;11;26;26
Sunday;2020-02-23 00:00:00.000;3;30;38;21;25;0;13;9;29;24
Sunday;2020-02-23 00:00:00.000;4;0;39;21;28;0;11;12;27;27
Sunday;2020-02-23 00:00:00.000;4;30;35;19;24;0;11;12;23;23
Sunday;2020-02-23 00:00:00.000;5;0;37;20;26;0;11;13;24;25
Sunday;2020-02-23 00:00:00.000;5;30;43;24;32;0;11;16;27;30
Sunday;2020-02-23 00:00:00.000;6;0;48;26;36;0;12;19;29;35
Sunday;2020-02-23 00:00:00.000;6;30;49;27;36;0;13;18;31;35
Sunday;2020-02-23 00:00:00.000;7;0;55;30;44;0;11;22;33;44
Sunday;2020-02-23 00:00:00.000;7;30;54;29;42;0;12;22;32;42
Sunday;2020-02-23 00:00:00.000;8;0;57;31;46;0;11;25;32;46
Sunday;2020-02-23 00:00:00.000;8;30;62;34;50;1;11;31;31;50
Sunday;2020-02-23 00:00:00.000;9;0;77;42;63;1;13;39;38;62
Sunday;2020-02-23 00:00:00.000;9;30;88;48;73;1;14;45;43;72
Sunday;2020-02-23 00:00:00.000;10;0;91;49;76;1;14;46;45;75
Sunday;2020-02-23 00:00:00.000;10;30;88;48;74;1;13;45;43;73
Sunday;2020-02-23 00:00:00.000;11;0;94;51;79;1;14;45;49;78
Sunday;2020-02-23 00:00:00.000;11;30;91;49;75;1;15;43;48;74
Sunday;2020-02-23 00:00:00.000;12;0;101;55;84;1;16;52;49;83
Sunday;2020-02-23 00:00:00.000;12;30;97;53;79;0;18;50;47;78
Sunday;2020-02-23 00:00:00.000;13;0;92;50;76;0;16;50;42;75
Sunday;2020-02-23 00:00:00.000;13;30;95;51;80;0;15;54;41;79
Sunday;2020-02-23 00:00:00.000;14;0;101;55;87;0;14;56;45;86
Sunday;2020-02-23 00:00:00.000;14;30;101;55;85;1;15;53;48;84
Sunday;2020-02-23 00:00:00.000;15;0;104;56;89;1;14;55;49;87
Sunday;2020-02-23 00:00:00.000;15;30;99;54;83;1;15;52;47;81
Sunday;2020-02-23 00:00:00.000;16;0;99;54;82;1;16;52;47;80
Sunday;2020-02-23 00:00:00.000;16;30;103;56;82;1;20;53;50;81
Sunday;2020-02-23 00:00:00.000;17;0;104;56;86;1;17;55;49;85
Sunday;2020-02-23 00:00:00.000;17;30;100;54;84;1;15;49;51;82
Sunday;2020-02-23 00:00:00.000;18;0;91;49;75;1;15;42;49;73
Sunday;2020-02-23 00:00:00.000;18;30;91;49;74;1;16;44;47;73
Sunday;2020-02-23 00:00:00.000;19;0;88;48;71;1;16;38;50;70
Sunday;2020-02-23 00:00:00.000;19;30;96;52;74;1;21;42;54;73
Sunday;2020-02-23 00:00:00.000;20;0;88;48;73;1;14;37;51;72
Sunday;2020-02-23 00:00:00.000;20;30;91;49;75;1;15;42;49;74
Sunday;2020-02-23 00:00:00.000;21;0;82;44;69;1;12;38;44;68
Sunday;2020-02-23 00:00:00.000;21;30;79;43;66;1;12;34;45;65
Sunday;2020-02-23 00:00:00.000;22;0;80;43;68;1;11;36;44;67
Sunday;2020-02-23 00:00:00.000;22;30;80;43;68;1;11;35;45;67
Sunday;2020-02-23 00:00:00.000;23;0;75;41;61;1;13;34;41;60
Sunday;2020-02-23 00:00:00.000;23;30;70;38;59;1;10;32;38;57
Monday;2020-02-24 00:00:00.000;0;0;57;31;45;1;11;23;34;44
Monday;2020-02-24 00:00:00.000;0;30;55;30;42;1;12;23;32;41
Monday;2020-02-24 00:00:00.000;1;0;47;26;36;0;11;19;28;35
Monday;2020-02-24 00:00:00.000;1;30;43;24;33;1;9;16;27;32
Monday;2020-02-24 00:00:00.000;2;0;41;22;32;1;8;14;27;31
Monday;2020-02-24 00:00:00.000;2;30;40;22;29;1;10;14;26;28
Monday;2020-02-24 00:00:00.000;3;0;38;21;28;0;10;14;24;27
Monday;2020-02-24 00:00:00.000;3;30;41;22;30;0;11;14;27;29
Monday;2020-02-24 00:00:00.000;4;0;41;22;31;0;10;14;27;30
Monday;2020-02-24 00:00:00.000;4;30;42;23;33;0;9;14;28;32
Monday;2020-02-24 00:00:00.000;5;0;45;25;36;0;9;17;28;35
Monday;2020-02-24 00:00:00.000;5;30;53;29;40;2;11;20;33;39
Monday;2020-02-24 00:00:00.000;6;0;68;37;55;2;11;34;34;54
Monday;2020-02-24 00:00:00.000;6;30;83;45;71;2;10;45;38;69
Monday;2020-02-24 00:00:00.000;7;0;92;50;83;0;9;53;39;81
Monday;2020-02-24 00:00:00.000;7;30;107;58;94;1;12;61;46;92
Monday;2020-02-24 00:00:00.000;8;0;125;68;114;1;10;72;53;113
Monday;2020-02-24 00:00:00.000;8;30;150;81;138;1;11;73;77;136
Monday;2020-02-24 00:00:00.000;9;0;161;87;147;1;13;79;82;145
Monday;2020-02-24 00:00:00.000;9;30;179;96;165;1;13;91;88;165
Monday;2020-02-24 00:00:00.000;10;0;181;98;167;1;13;95;86;165
Monday;2020-02-24 00:00:00.000;10;30;195;105;172;3;20;95;100;169
Monday;2020-02-24 00:00:00.000;11;0;207;112;187;3;17;111;96;182
Monday;2020-02-24 00:00:00.000;11;30;176;95;157;3;16;100;76;153
Monday;2020-02-24 00:00:00.000;12;0;169;91;146;3;20;91;78;141
Monday;2020-02-24 00:00:00.000;12;30;169;91;146;3;20;89;80;143
Monday;2020-02-24 00:00:00.000;13;0;168;91;145;5;18;87;81;141
Monday;2020-02-24 00:00:00.000;13;30;162;87;144;4;14;83;79;142
Monday;2020-02-24 00:00:00.000;14;0;161;87;140;3;18;86;75;138
Monday;2020-02-24 00:00:00.000;14;30;164;88;140;4;20;76;88;138
Monday;2020-02-24 00:00:00.000;15;0;159;86;138;3;18;73;86;135
Monday;2020-02-24 00:00:00.000;15;30;148;80;130;3;15;77;71;127
Monday;2020-02-24 00:00:00.000;16;0;151;81;131;3;17;74;77;128
Monday;2020-02-24 00:00:00.000;16;30;138;75;123;2;13;65;73;118
Monday;2020-02-24 00:00:00.000;17;0;122;66;105;2;15;53;69;102
Monday;2020-02-24 00:00:00.000;17;30;100;54;85;3;12;39;61;82
Monday;2020-02-24 00:00:00.000;18;0;101;55;85;2;14;37;64;82
Monday;2020-02-24 00:00:00.000;18;30;95;51;74;3;18;32;63;72
Monday;2020-02-24 00:00:00.000;19;0;89;48;67;2;20;26;63;65
Monday;2020-02-24 00:00:00.000;19;30;85;46;63;2;20;25;60;60
Monday;2020-02-24 00:00:00.000;20;0;78;42;58;2;18;23;55;56
Monday;2020-02-24 00:00:00.000;20;30;74;40;56;1;17;25;49;53
Monday;2020-02-24 00:00:00.000;21;0;67;36;48;1;18;21;46;47
Monday;2020-02-24 00:00:00.000;21;30;70;38;53;1;16;23;47;52
Monday;2020-02-24 00:00:00.000;22;0;65;35;50;1;14;23;42;49
Monday;2020-02-24 00:00:00.000;22;30;61;33;46;1;14;22;39;45
Monday;2020-02-24 00:00:00.000;23;0;61;33;44;1;16;22;39;43
Monday;2020-02-24 00:00:00.000;23;30;54;29;39;1;14;18;36;38
Tuesday;2020-02-25 00:00:00.000;0;0;52;28;39;1;12;20;32;37
Tuesday;2020-02-25 00:00:00.000;0;30;44;24;32;1;11;17;27;30
Tuesday;2020-02-25 00:00:00.000;1;0;45;25;33;1;11;17;28;31
Tuesday;2020-02-25 00:00:00.000;1;30;39;21;27;1;11;11;28;25
Tuesday;2020-02-25 00:00:00.000;2;0;39;21;28;0;11;10;29;27
Tuesday;2020-02-25 00:00:00.000;2;30;38;21;27;1;10;10;28;25
Tuesday;2020-02-25 00:00:00.000;3;0;37;20;25;0;12;10;27;23
Tuesday;2020-02-25 00:00:00.000;3;30;39;21;26;0;13;11;28;24
Tuesday;2020-02-25 00:00:00.000;4;0;40;22;25;0;15;11;29;23
Tuesday;2020-02-25 00:00:00.000;4;30;38;21;23;1;14;11;27;20
Tuesday;2020-02-25 00:00:00.000;5;0;40;22;24;0;16;11;29;21
Tuesday;2020-02-25 00:00:00.000;5;30;44;24;31;0;13;15;29;28
Tuesday;2020-02-25 00:00:00.000;6;0;55;30;40;0;15;24;31;37
Tuesday;2020-02-25 00:00:00.000;6;30;59;32;44;0;15;23;36;41
Tuesday;2020-02-25 00:00:00.000;7;0;63;34;49;0;14;28;35;47
Tuesday;2020-02-25 00:00:00.000;7;30;72;39;58;0;14;34;38;56
Tuesday;2020-02-25 00:00:00.000;8;0;88;48;69;1;18;38;50;67
Tuesday;2020-02-25 00:00:00.000;8;30;105;57;86;0;19;53;52;84
Tuesday;2020-02-25 00:00:00.000;9;0;106;57;89;1;16;51;55;87
Tuesday;2020-02-25 00:00:00.000;9;30;109;59;91;1;17;53;56;89
Tuesday;2020-02-25 00:00:00.000;10;0;119;64;100;1;18;58;61;98
Tuesday;2020-02-25 00:00:00.000;10;30;126;68;109;1;16;62;64;106
Tuesday;2020-02-25 00:00:00.000;11;0;145;78;128;2;15;76;69;124
Tuesday;2020-02-25 00:00:00.000;11;30;140;76;120;3;17;75;65;117
Tuesday;2020-02-25 00:00:00.000;12;0;150;81;127;3;20;79;71;124
Tuesday;2020-02-25 00:00:00.000;12;30;140;76;122;2;16;76;64;119
Tuesday;2020-02-25 00:00:00.000;13;0;138;75;121;2;15;75;63;118
Tuesday;2020-02-25 00:00:00.000;13;30;140;76;121;2;17;73;67;118
Tuesday;2020-02-25 00:00:00.000;14;0;133;72;113;2;18;68;65;110
Tuesday;2020-02-25 00:00:00.000;14;30;128;69;108;2;18;68;60;106
Tuesday;2020-02-25 00:00:00.000;15;0;124;67;104;3;17;61;63;102
Tuesday;2020-02-25 00:00:00.000;15;30;114;62;94;4;16;51;63;93
Tuesday;2020-02-25 00:00:00.000;16;0;110;59;90;4;16;51;59;87
Tuesday;2020-02-25 00:00:00.000;16;30;122;66;101;3;18;58;64;98
Tuesday;2020-02-25 00:00:00.000;17;0;114;62;95;3;16;53;61;93
Tuesday;2020-02-25 00:00:00.000;17;30;112;61;91;3;18;52;60;88
Tuesday;2020-02-25 00:00:00.000;18;0;101;55;81;2;18;45;56;78
Tuesday;2020-02-25 00:00:00.000;18;30;95;51;77;1;17;43;52;75
Tuesday;2020-02-25 00:00:00.000;19;0;91;49;74;1;16;39;52;71
Tuesday;2020-02-25 00:00:00.000;19;30;94;51;77;1;16;41;53;74
Tuesday;2020-02-25 00:00:00.000;20;0;97;53;81;1;15;42;55;78
Tuesday;2020-02-25 00:00:00.000;20;30;88;48;71;1;16;36;52;69
Tuesday;2020-02-25 00:00:00.000;21;0;82;44;65;1;16;32;50;63
Tuesday;2020-02-25 00:00:00.000;21;30;69;38;58;0;11;33;36;56
Tuesday;2020-02-25 00:00:00.000;22;0;75;41;61;0;14;35;40;59
Tuesday;2020-02-25 00:00:00.000;22;30;71;39;54;0;17;30;41;52
Tuesday;2020-02-25 00:00:00.000;23;0;69;38;53;1;15;29;40;51
Tuesday;2020-02-25 00:00:00.000;23;30;68;37;51;1;16;30;38;48
Wednesday;2020-02-26 00:00:00.000;0;0;59;32;42;1;16;24;35;39
Wednesday;2020-02-26 00:00:00.000;0;30;53;29;35;1;17;21;32;31
Wednesday;2020-02-26 00:00:00.000;1;0;52;28;37;1;14;22;30;33
Wednesday;2020-02-26 00:00:00.000;1;30;50;27;36;1;13;21;29;33
Wednesday;2020-02-26 00:00:00.000;2;0;43;24;32;1;10;18;25;30
Wednesday;2020-02-26 00:00:00.000;2;30;44;24;34;0;10;18;26;32
Wednesday;2020-02-26 00:00:00.000;3;0;45;25;35;2;8;20;25;33
Wednesday;2020-02-26 00:00:00.000;3;30;47;26;36;0;11;18;29;34
Wednesday;2020-02-26 00:00:00.000;4;0;47;26;34;0;13;17;30;31
Wednesday;2020-02-26 00:00:00.000;4;30;49;27;34;0;15;18;31;31
Wednesday;2020-02-26 00:00:00.000;5;0;49;27;35;2;12;17;32;33
Wednesday;2020-02-26 00:00:00.000;5;30;53;29;36;1;16;14;39;34
Wednesday;2020-02-26 00:00:00.000;6;0;84;46;63;3;18;33;51;61
Wednesday;2020-02-26 00:00:00.000;6;30;87;47;67;2;18;33;54;66
Wednesday;2020-02-26 00:00:00.000;7;0;103;56;78;3;22;35;68;78
Wednesday;2020-02-26 00:00:00.000;7;30;115;62;96;4;15;43;72;96
Wednesday;2020-02-26 00:00:00.000;8;0;123;66;104;4;15;47;76;103
Wednesday;2020-02-26 00:00:00.000;8;30;142;77;122;5;15;58;84;121
Wednesday;2020-02-26 00:00:00.000;9;0;148;80;128;4;16;61;87;127
Wednesday;2020-02-26 00:00:00.000;9;30;159;86;140;4;15;68;91;138
Wednesday;2020-02-26 00:00:00.000;10;0;177;95;153;6;18;78;99;152
Wednesday;2020-02-26 00:00:00.000;10;30;165;89;143;3;19;74;91;142
Wednesday;2020-02-26 00:00:00.000;11;0;202;109;179;3;20;91;111;177
Wednesday;2020-02-26 00:00:00.000;11;30;183;99;162;4;17;76;107;160
Wednesday;2020-02-26 00:00:00.000;12;0;176;95;147;6;23;71;105;145
Wednesday;2020-02-26 00:00:00.000;12;30;183;99;157;5;21;75;108;154
Wednesday;2020-02-26 00:00:00.000;13;0;165;89;141;3;21;74;91;135
Wednesday;2020-02-26 00:00:00.000;13;30;166;90;140;4;22;72;94;136
Wednesday;2020-02-26 00:00:00.000;14;0;161;87;139;5;17;69;92;134
Wednesday;2020-02-26 00:00:00.000;14;30;155;84;132;4;19;67;88;129
Wednesday;2020-02-26 00:00:00.000;15;0;157;85;134;4;19;66;91;132
Wednesday;2020-02-26 00:00:00.000;15;30;168;91;143;6;19;67;101;141
Wednesday;2020-02-26 00:00:00.000;16;0;169;91;143;4;22;74;95;141
Wednesday;2020-02-26 00:00:00.000;16;30;153;83;126;4;23;64;89;124
Wednesday;2020-02-26 00:00:00.000;17;0;149;80;127;3;19;60;89;123
Wednesday;2020-02-26 00:00:00.000;17;30;137;74;119;3;15;51;86;114
Wednesday;2020-02-26 00:00:00.000;18;0;129;70;114;3;12;58;71;110
Wednesday;2020-02-26 00:00:00.000;18;30;125;68;108;3;14;55;70;104
Wednesday;2020-02-26 00:00:00.000;19;0;128;69;108;3;17;62;66;105
Wednesday;2020-02-26 00:00:00.000;19;30;137;74;114;3;20;64;73;109
Wednesday;2020-02-26 00:00:00.000;20;0;108;58;90;1;17;46;62;87
Wednesday;2020-02-26 00:00:00.000;20;30;105;57;89;1;15;46;59;86
Wednesday;2020-02-26 00:00:00.000;21;0;93;50;78;1;14;42;51;75
Wednesday;2020-02-26 00:00:00.000;21;30;98;53;83;2;13;45;53;80
Wednesday;2020-02-26 00:00:00.000;22;0;100;54;82;1;17;41;59;79
Wednesday;2020-02-26 00:00:00.000;22;30;91;49;74;1;16;35;56;71
Wednesday;2020-02-26 00:00:00.000;23;0;82;44;65;2;15;30;52;62
Wednesday;2020-02-26 00:00:00.000;23;30;70;38;54;1;15;23;47;51
Thursday;2020-02-27 00:00:00.000;0;0;70;38;56;1;13;24;46;53
Thursday;2020-02-27 00:00:00.000;0;30;61;33;46;1;14;21;40;44
Thursday;2020-02-27 00:00:00.000;1;0;58;32;44;1;13;21;37;42
Thursday;2020-02-27 00:00:00.000;1;30;55;30;43;1;11;19;36;41
Thursday;2020-02-27 00:00:00.000;2;0;55;30;44;1;10;20;35;42
Thursday;2020-02-27 00:00:00.000;2;30;52;28;41;1;10;19;33;39
Thursday;2020-02-27 00:00:00.000;3;0;51;28;38;2;11;17;34;36
Thursday;2020-02-27 00:00:00.000;3;30;52;28;38;1;13;18;34;36
Thursday;2020-02-27 00:00:00.000;4;0;51;28;38;1;12;18;33;36
Thursday;2020-02-27 00:00:00.000;4;30;49;27;37;1;11;17;32;35
Thursday;2020-02-27 00:00:00.000;5;0;57;31;39;2;16;20;37;36
Thursday;2020-02-27 00:00:00.000;5;30;67;36;47;2;18;23;44;44
Thursday;2020-02-27 00:00:00.000;6;0;83;45;64;3;16;36;47;62
Thursday;2020-02-27 00:00:00.000;6;30;98;53;80;2;16;48;50;78
Thursday;2020-02-27 00:00:00.000;7;0;111;60;88;3;20;46;65;84
Thursday;2020-02-27 00:00:00.000;7;30;122;66;102;3;17;53;69;98
Thursday;2020-02-27 00:00:00.000;8;0;136;73;116;4;16;57;79;112
Thursday;2020-02-27 00:00:00.000;8;30;159;86;137;4;18;66;93;133
Thursday;2020-02-27 00:00:00.000;9;0;186;100;169;2;15;75;111;159
Thursday;2020-02-27 00:00:00.000;9;30;201;108;181;5;15;82;119;173
Thursday;2020-02-27 00:00:00.000;10;0;210;113;189;6;15;90;120;182
Thursday;2020-02-27 00:00:00.000;10;30;193;104;175;5;13;82;111;170
Thursday;2020-02-27 00:00:00.000;11;0;182;98;165;5;12;80;102;159
Thursday;2020-02-27 00:00:00.000;11;30;196;106;175;5;16;97;99;165
Thursday;2020-02-27 00:00:00.000;12;0;211;114;187;3;21;100;111;179
Thursday;2020-02-27 00:00:00.000;12;30;221;119;206;3;12;109;112;197
Thursday;2020-02-27 00:00:00.000;13;0;215;116;196;4;15;105;110;193
Thursday;2020-02-27 00:00:00.000;13;30;215;116;198;5;12;100;115;195
Thursday;2020-02-27 00:00:00.000;14;0;188;101;173;3;12;95;93;169
Thursday;2020-02-27 00:00:00.000;14;30;207;112;189;2;16;104;103;187
Thursday;2020-02-27 00:00:00.000;15;0;211;114;190;3;18;101;110;188
Thursday;2020-02-27 00:00:00.000;15;30;204;110;185;3;16;92;112;182
Thursday;2020-02-27 00:00:00.000;16;0;197;106;179;3;15;94;103;175
Thursday;2020-02-27 00:00:00.000;16;30;207;112;185;3;19;83;124;182
Thursday;2020-02-27 00:00:00.000;17;0;192;103;176;1;15;76;116;172
Thursday;2020-02-27 00:00:00.000;17;30;194;105;174;2;18;89;105;168
Thursday;2020-02-27 00:00:00.000;18;0;176;95;157;1;18;84;92;152
Thursday;2020-02-27 00:00:00.000;18;30;164;88;144;3;17;79;85;140
Thursday;2020-02-27 00:00:00.000;19;0;163;88;143;3;17;79;84;139
Thursday;2020-02-27 00:00:00.000;19;30;156;84;135;3;18;78;78;132
Thursday;2020-02-27 00:00:00.000;20;0;153;83;134;3;16;74;79;131
Thursday;2020-02-27 00:00:00.000;20;30;148;80;129;3;16;73;75;126
Thursday;2020-02-27 00:00:00.000;21;0;143;77;126;2;15;65;78;124
Thursday;2020-02-27 00:00:00.000;21;30;151;81;133;2;16;69;82;131
Thursday;2020-02-27 00:00:00.000;22;0;138;75;119;2;17;63;75;117
Thursday;2020-02-27 00:00:00.000;22;30;124;67;104;1;19;55;69;103
Thursday;2020-02-27 00:00:00.000;23;0;105;57;87;1;17;42;63;86
Thursday;2020-02-27 00:00:00.000;23;30;97;53;81;1;15;38;59;80
