weekday;dia;hora;periodo;demand
Tuesday;01/10/2019;7;30;37
Tuesday;01/10/2019;8;0;12
Tuesday;01/10/2019;8;30;2
Tuesday;01/10/2019;14;30;1
Wednesday;02/10/2019;7;30;55
Wednesday;02/10/2019;8;0;2
Wednesday;02/10/2019;8;30;1
Wednesday;02/10/2019;9;0;5
Wednesday;02/10/2019;11;0;4
Thursday;03/10/2019;7;30;48
Thursday;03/10/2019;8;0;13
Thursday;03/10/2019;8;30;3
Thursday;03/10/2019;9;0;4
Thursday;03/10/2019;9;30;18
Thursday;03/10/2019;10;0;21
Thursday;03/10/2019;10;30;1
Thursday;03/10/2019;11;0;3
Thursday;03/10/2019;13;30;2
Thursday;03/10/2019;14;0;8
Friday;04/10/2019;6;30;11
Friday;04/10/2019;7;0;1
Friday;04/10/2019;8;0;3
Friday;04/10/2019;8;30;1
Friday;04/10/2019;9;0;3
Friday;04/10/2019;10;0;21
Friday;04/10/2019;10;30;2
Friday;04/10/2019;11;30;1
Monday;07/10/2019;7;0;76
Monday;07/10/2019;7;30;7
Monday;07/10/2019;8;0;1
Monday;07/10/2019;8;30;4
Monday;07/10/2019;9;0;8
Monday;07/10/2019;9;30;3
Monday;07/10/2019;10;0;1
Monday;07/10/2019;11;0;37
Monday;07/10/2019;11;30;3
Monday;07/10/2019;12;0;8
Monday;07/10/2019;12;30;4
Monday;07/10/2019;15;30;4
Monday;07/10/2019;17;0;2
Monday;07/10/2019;17;30;1
Tuesday;08/10/2019;6;30;6
Tuesday;08/10/2019;7;0;43
Tuesday;08/10/2019;7;30;4
Tuesday;08/10/2019;8;0;1
Tuesday;08/10/2019;8;30;1
Tuesday;08/10/2019;9;0;1
Tuesday;08/10/2019;9;30;1
Tuesday;08/10/2019;10;30;14
Tuesday;08/10/2019;11;0;10
Tuesday;08/10/2019;11;30;36
Tuesday;08/10/2019;12;0;10
Tuesday;08/10/2019;12;30;7
Tuesday;08/10/2019;13;0;22
Tuesday;08/10/2019;13;30;4
Tuesday;08/10/2019;14;0;10
Tuesday;08/10/2019;14;30;7
Tuesday;08/10/2019;15;0;2
Tuesday;08/10/2019;15;30;2
Tuesday;08/10/2019;16;0;3
Tuesday;08/10/2019;16;30;2
Tuesday;08/10/2019;17;0;2
Wednesday;09/10/2019;7;0;29
Wednesday;09/10/2019;7;30;3
Wednesday;09/10/2019;8;0;4
Wednesday;09/10/2019;8;30;5
Wednesday;09/10/2019;9;0;8
Wednesday;09/10/2019;9;30;7
Wednesday;09/10/2019;10;0;12
Wednesday;09/10/2019;10;30;24
Wednesday;09/10/2019;11;0;31
Wednesday;09/10/2019;11;30;9
Wednesday;09/10/2019;12;0;9
Wednesday;09/10/2019;12;30;4
Wednesday;09/10/2019;13;0;12
Wednesday;09/10/2019;13;30;7
Wednesday;09/10/2019;14;0;3
Wednesday;09/10/2019;15;0;2
Wednesday;09/10/2019;15;30;7
Wednesday;09/10/2019;16;30;2
Wednesday;09/10/2019;17;0;4
Thursday;10/10/2019;7;0;21
Thursday;10/10/2019;8;30;3
Thursday;10/10/2019;9;0;13
Thursday;10/10/2019;9;30;4
Thursday;10/10/2019;10;0;3
Thursday;10/10/2019;10;30;6
Thursday;10/10/2019;11;0;3
Thursday;10/10/2019;11;30;17
Thursday;10/10/2019;12;0;46
Thursday;10/10/2019;12;30;9
Thursday;10/10/2019;13;0;9
Thursday;10/10/2019;13;30;12
Thursday;10/10/2019;14;0;5
Thursday;10/10/2019;14;30;2
Thursday;10/10/2019;15;0;13
Thursday;10/10/2019;15;30;4
Thursday;10/10/2019;16;0;1
Thursday;10/10/2019;16;30;3
Thursday;10/10/2019;17;0;1
Thursday;10/10/2019;17;30;1
Friday;11/10/2019;7;0;17
Friday;11/10/2019;7;30;1
Friday;11/10/2019;8;30;4
Friday;11/10/2019;9;0;18
Friday;11/10/2019;9;30;3
Friday;11/10/2019;10;0;2
Friday;11/10/2019;11;0;23
Friday;11/10/2019;11;30;3
Friday;11/10/2019;12;30;7
Friday;11/10/2019;13;0;4
Friday;11/10/2019;13;30;4
Friday;11/10/2019;14;30;2
Friday;11/10/2019;15;0;2
Friday;11/10/2019;15;30;2
Friday;11/10/2019;16;0;2
Friday;11/10/2019;16;30;3
Friday;11/10/2019;17;0;1
Monday;14/10/2019;7;0;20
Monday;14/10/2019;7;30;29
Monday;14/10/2019;8;0;7
Monday;14/10/2019;8;30;6
Monday;14/10/2019;9;0;1
Monday;14/10/2019;9;30;6
Monday;14/10/2019;10;0;5
Monday;14/10/2019;10;30;15
Monday;14/10/2019;11;0;31
Monday;14/10/2019;11;30;6
Monday;14/10/2019;12;0;6
Monday;14/10/2019;12;30;10
Monday;14/10/2019;13;0;5
Monday;14/10/2019;13;30;6
Monday;14/10/2019;14;0;4
Monday;14/10/2019;14;30;6
Monday;14/10/2019;15;0;2
Monday;14/10/2019;15;30;4
Monday;14/10/2019;16;0;3
Monday;14/10/2019;16;30;2
Monday;14/10/2019;17;0;4
Monday;14/10/2019;17;30;2
Tuesday;15/10/2019;6;30;8
Tuesday;15/10/2019;7;0;4
Tuesday;15/10/2019;7;30;11
Tuesday;15/10/2019;8;0;3
Tuesday;15/10/2019;8;30;6
Tuesday;15/10/2019;9;0;14
Tuesday;15/10/2019;9;30;2
Tuesday;15/10/2019;10;0;6
Tuesday;15/10/2019;10;30;34
Tuesday;15/10/2019;11;0;18
Tuesday;15/10/2019;11;30;6
Tuesday;15/10/2019;12;0;12
Tuesday;15/10/2019;12;30;2
Tuesday;15/10/2019;13;0;8
Tuesday;15/10/2019;13;30;6
Tuesday;15/10/2019;14;0;4
Tuesday;15/10/2019;14;30;4
Tuesday;15/10/2019;15;0;7
Tuesday;15/10/2019;15;30;3
Tuesday;15/10/2019;16;0;8
Tuesday;15/10/2019;16;30;4
Tuesday;15/10/2019;17;0;1
Tuesday;15/10/2019;17;30;2
Wednesday;16/10/2019;7;0;16
Wednesday;16/10/2019;7;30;15
Wednesday;16/10/2019;8;0;9
Wednesday;16/10/2019;8;30;8
Wednesday;16/10/2019;9;0;10
Wednesday;16/10/2019;9;30;2
Wednesday;16/10/2019;10;0;3
Wednesday;16/10/2019;10;30;2
Wednesday;16/10/2019;11;0;2
Wednesday;16/10/2019;11;30;19
Wednesday;16/10/2019;12;0;35
Wednesday;16/10/2019;12;30;10
Wednesday;16/10/2019;13;0;7
Wednesday;16/10/2019;13;30;6
Wednesday;16/10/2019;14;0;8
Wednesday;16/10/2019;14;30;1
Wednesday;16/10/2019;15;0;4
Wednesday;16/10/2019;15;30;7
Wednesday;16/10/2019;16;0;10
Wednesday;16/10/2019;16;30;5
Wednesday;16/10/2019;17;0;7
Wednesday;16/10/2019;17;30;2
Wednesday;16/10/2019;18;0;1
Wednesday;16/10/2019;18;30;2
Wednesday;16/10/2019;19;0;1
Thursday;17/10/2019;7;0;26
Thursday;17/10/2019;8;0;3
Thursday;17/10/2019;9;0;11
Thursday;17/10/2019;9;30;6
Thursday;17/10/2019;10;0;23
Thursday;17/10/2019;10;30;35
Thursday;17/10/2019;11;0;7
Thursday;17/10/2019;11;30;7
Thursday;17/10/2019;12;0;3
Thursday;17/10/2019;12;30;1
Thursday;17/10/2019;13;0;2
Thursday;17/10/2019;13;30;3
Thursday;17/10/2019;14;0;2
Thursday;17/10/2019;14;30;1
Thursday;17/10/2019;15;30;6
Thursday;17/10/2019;16;0;3
Thursday;17/10/2019;16;30;1
Thursday;17/10/2019;17;0;2
Thursday;17/10/2019;18;0;1
Friday;18/10/2019;7;0;28
Friday;18/10/2019;7;30;4
Friday;18/10/2019;8;0;2
Friday;18/10/2019;8;30;6
Friday;18/10/2019;9;0;4
Friday;18/10/2019;10;0;37
Friday;18/10/2019;10;30;11
Friday;18/10/2019;11;0;5
Friday;18/10/2019;11;30;3
Friday;18/10/2019;12;0;7
Friday;18/10/2019;12;30;5
Friday;18/10/2019;13;0;3
Friday;18/10/2019;13;30;2
Friday;18/10/2019;14;0;4
Friday;18/10/2019;14;30;3
Friday;18/10/2019;15;0;1
Friday;18/10/2019;15;30;4
Friday;18/10/2019;16;30;11
Saturday;19/10/2019;9;30;23
Saturday;19/10/2019;10;0;5
Saturday;19/10/2019;10;30;17
Saturday;19/10/2019;11;0;5
Saturday;19/10/2019;11;30;10
Saturday;19/10/2019;12;0;4
Saturday;19/10/2019;12;30;4
Saturday;19/10/2019;13;0;6
Saturday;19/10/2019;13;30;4
Saturday;19/10/2019;14;0;1
Saturday;19/10/2019;14;30;1
Saturday;19/10/2019;15;30;3
Saturday;19/10/2019;16;0;1
Saturday;19/10/2019;16;30;1
Saturday;19/10/2019;17;0;1
Monday;21/10/2019;7;30;16
Monday;21/10/2019;8;0;9
Monday;21/10/2019;8;30;14
Monday;21/10/2019;9;0;13
Monday;21/10/2019;9;30;25
Monday;21/10/2019;10;0;6
Monday;21/10/2019;10;30;12
Monday;21/10/2019;11;0;6
Monday;21/10/2019;11;30;4
Monday;21/10/2019;12;0;4
Monday;21/10/2019;12;30;7
Monday;21/10/2019;13;0;4
Monday;21/10/2019;13;30;7
Monday;21/10/2019;14;0;2
Monday;21/10/2019;14;30;2
Monday;21/10/2019;15;0;5
Monday;21/10/2019;15;30;1
Monday;21/10/2019;16;30;1
Monday;21/10/2019;17;0;2
Monday;21/10/2019;17;30;2
Tuesday;22/10/2019;7;0;47
Tuesday;22/10/2019;7;30;22
Tuesday;22/10/2019;8;0;28
Tuesday;22/10/2019;8;30;22
Tuesday;22/10/2019;9;0;11
Tuesday;22/10/2019;9;30;9
Tuesday;22/10/2019;10;0;7
Tuesday;22/10/2019;10;30;7
Tuesday;22/10/2019;11;0;13
Tuesday;22/10/2019;11;30;60
Tuesday;22/10/2019;12;0;44
Tuesday;22/10/2019;12;30;24
Tuesday;22/10/2019;13;0;18
Tuesday;22/10/2019;13;30;10
Tuesday;22/10/2019;14;0;15
Tuesday;22/10/2019;14;30;7
Tuesday;22/10/2019;15;0;9
Tuesday;22/10/2019;15;30;9
Tuesday;22/10/2019;16;0;6
Tuesday;22/10/2019;16;30;4
Tuesday;22/10/2019;17;0;2
Wednesday;23/10/2019;7;30;29
Wednesday;23/10/2019;8;0;59
Wednesday;23/10/2019;8;30;17
Wednesday;23/10/2019;9;0;11
Wednesday;23/10/2019;9;30;15
Wednesday;23/10/2019;10;0;6
Wednesday;23/10/2019;10;30;47
Wednesday;23/10/2019;11;0;31
Wednesday;23/10/2019;11;30;38
Wednesday;23/10/2019;12;0;17
Wednesday;23/10/2019;12;30;15
Wednesday;23/10/2019;13;0;11
Wednesday;23/10/2019;13;30;13
Wednesday;23/10/2019;14;0;10
Wednesday;23/10/2019;14;30;4
Wednesday;23/10/2019;15;0;6
Wednesday;23/10/2019;15;30;5
Wednesday;23/10/2019;16;0;6
Wednesday;23/10/2019;17;0;6
Wednesday;23/10/2019;17;30;1
Thursday;24/10/2019;6;30;1
Thursday;24/10/2019;7;0;47
Thursday;24/10/2019;7;30;18
Thursday;24/10/2019;8;0;46
Thursday;24/10/2019;8;30;26
Thursday;24/10/2019;9;0;13
Thursday;24/10/2019;9;30;14
Thursday;24/10/2019;10;0;12
Thursday;24/10/2019;10;30;5
Thursday;24/10/2019;11;0;25
Thursday;24/10/2019;11;30;24
Thursday;24/10/2019;12;0;18
Thursday;24/10/2019;12;30;10
Thursday;24/10/2019;13;30;7
Thursday;24/10/2019;14;0;3
Thursday;24/10/2019;14;30;3
Thursday;24/10/2019;15;0;4
Thursday;24/10/2019;15;30;2
Thursday;24/10/2019;16;0;4
Thursday;24/10/2019;16;30;1
Thursday;24/10/2019;17;0;3
Friday;25/10/2019;7;0;51
Friday;25/10/2019;7;30;13
Friday;25/10/2019;8;0;26
Friday;25/10/2019;8;30;24
Friday;25/10/2019;9;0;29
Friday;25/10/2019;9;30;33
Friday;25/10/2019;10;0;15
Friday;25/10/2019;10;30;16
Friday;25/10/2019;11;0;18
Friday;25/10/2019;11;30;11
Friday;25/10/2019;12;0;10
Friday;25/10/2019;12;30;8
Friday;25/10/2019;13;0;7
Friday;25/10/2019;13;30;3
Friday;25/10/2019;14;0;3
Friday;25/10/2019;14;30;5
Friday;25/10/2019;15;0;2
Friday;25/10/2019;15;30;2
Friday;25/10/2019;16;0;5
Friday;25/10/2019;16;30;2
Friday;25/10/2019;17;0;2
Friday;25/10/2019;17;30;1
Saturday;26/10/2019;8;0;1
Saturday;26/10/2019;8;30;1
Saturday;26/10/2019;9;0;55
Saturday;26/10/2019;9;30;13
Saturday;26/10/2019;10;0;5
Saturday;26/10/2019;10;30;6
Saturday;26/10/2019;11;0;8
Saturday;26/10/2019;11;30;9
Saturday;26/10/2019;12;0;10
Saturday;26/10/2019;12;30;6
Saturday;26/10/2019;13;0;4
Saturday;26/10/2019;13;30;6
Saturday;26/10/2019;14;0;3
Saturday;26/10/2019;14;30;1
Saturday;26/10/2019;15;0;2
Saturday;26/10/2019;15;30;1
Monday;28/10/2019;7;0;18
Monday;28/10/2019;7;30;5
Monday;28/10/2019;8;0;16
Monday;28/10/2019;8;30;14
Monday;28/10/2019;9;0;12
Monday;28/10/2019;9;30;21
Monday;28/10/2019;10;0;10
Monday;28/10/2019;10;30;9
Monday;28/10/2019;11;0;4
Monday;28/10/2019;11;30;13
Monday;28/10/2019;12;0;10
Monday;28/10/2019;12;30;4
Monday;28/10/2019;13;0;3
Monday;28/10/2019;13;30;2
Monday;28/10/2019;14;0;4
Monday;28/10/2019;14;30;6
Monday;28/10/2019;15;0;2
Monday;28/10/2019;15;30;5
Monday;28/10/2019;16;0;2
Monday;28/10/2019;17;0;2
Tuesday;29/10/2019;6;30;17
Tuesday;29/10/2019;7;0;33
Tuesday;29/10/2019;7;30;9
Tuesday;29/10/2019;8;0;9
Tuesday;29/10/2019;8;30;19
Tuesday;29/10/2019;9;0;5
Tuesday;29/10/2019;9;30;5
Tuesday;29/10/2019;10;0;60
Tuesday;29/10/2019;10;30;8
Tuesday;29/10/2019;11;0;38
Tuesday;29/10/2019;11;30;23
Tuesday;29/10/2019;12;0;10
Tuesday;29/10/2019;12;30;35
Tuesday;29/10/2019;13;0;18
Tuesday;29/10/2019;13;30;22
Tuesday;29/10/2019;14;0;12
Tuesday;29/10/2019;14;30;8
Tuesday;29/10/2019;15;0;12
Tuesday;29/10/2019;15;30;10
Tuesday;29/10/2019;16;0;2
Tuesday;29/10/2019;16;30;2
Tuesday;29/10/2019;17;0;3
Tuesday;29/10/2019;17;30;1
Wednesday;30/10/2019;8;0;1
Wednesday;30/10/2019;8;30;35
Wednesday;30/10/2019;9;0;37
Wednesday;30/10/2019;9;30;13
Wednesday;30/10/2019;10;0;9
Wednesday;30/10/2019;10;30;2
Wednesday;30/10/2019;11;0;4
Wednesday;30/10/2019;11;30;44
Wednesday;30/10/2019;12;0;5
Wednesday;30/10/2019;12;30;3
Wednesday;30/10/2019;13;0;11
Wednesday;30/10/2019;13;30;9
Wednesday;30/10/2019;14;0;3
Wednesday;30/10/2019;14;30;4
Wednesday;30/10/2019;15;0;2
Wednesday;30/10/2019;15;30;2
Wednesday;30/10/2019;16;0;5
Wednesday;30/10/2019;16;30;2
Wednesday;30/10/2019;17;0;1
Thursday;31/10/2019;8;0;31
Thursday;31/10/2019;8;30;24
Thursday;31/10/2019;9;0;6
Thursday;31/10/2019;9;30;43
Thursday;31/10/2019;10;0;27
Thursday;31/10/2019;10;30;8
Thursday;31/10/2019;11;0;17
Thursday;31/10/2019;11;30;56
Thursday;31/10/2019;12;0;19
Thursday;31/10/2019;12;30;10
Thursday;31/10/2019;13;0;8
Thursday;31/10/2019;13;30;7
Thursday;31/10/2019;14;0;4
Thursday;31/10/2019;14;30;1
Thursday;31/10/2019;15;0;17
Thursday;31/10/2019;15;30;7
Thursday;31/10/2019;16;0;5
Thursday;31/10/2019;16;30;2
Thursday;31/10/2019;17;0;6
Thursday;31/10/2019;17;30;4
Thursday;31/10/2019;18;0;2
Friday;01/11/2019;6;30;2
Friday;01/11/2019;7;0;4
Friday;01/11/2019;8;0;17
Friday;01/11/2019;8;30;24
Friday;01/11/2019;9;0;66
Friday;01/11/2019;9;30;13
Friday;01/11/2019;10;0;14
Friday;01/11/2019;10;30;23
Friday;01/11/2019;11;0;25
Friday;01/11/2019;11;30;13
Friday;01/11/2019;12;0;7
Friday;01/11/2019;12;30;12
Friday;01/11/2019;13;0;4
Friday;01/11/2019;13;30;5
Friday;01/11/2019;14;0;9
Friday;01/11/2019;14;30;5
Friday;01/11/2019;15;0;3
Friday;01/11/2019;15;30;5
Friday;01/11/2019;16;30;4
Friday;01/11/2019;17;30;3
Friday;01/11/2019;18;0;1
Saturday;02/11/2019;8;0;5
Saturday;02/11/2019;8;30;23
Saturday;02/11/2019;9;0;5
Saturday;02/11/2019;9;30;3
Saturday;02/11/2019;10;0;26
Saturday;02/11/2019;10;30;7
Saturday;02/11/2019;11;0;3
Saturday;02/11/2019;11;30;20
Saturday;02/11/2019;12;0;8
Saturday;02/11/2019;12;30;9
Saturday;02/11/2019;13;0;3
Saturday;02/11/2019;13;30;5
Saturday;02/11/2019;14;30;2
Saturday;02/11/2019;15;0;1
Saturday;02/11/2019;15;30;1
Monday;04/11/2019;6;30;5
Monday;04/11/2019;7;0;3
Monday;04/11/2019;7;30;43
Monday;04/11/2019;8;0;49
Monday;04/11/2019;8;30;15
Monday;04/11/2019;9;0;17
Monday;04/11/2019;9;30;20
Monday;04/11/2019;10;0;17
Monday;04/11/2019;10;30;20
Monday;04/11/2019;11;0;11
Monday;04/11/2019;11;30;17
Monday;04/11/2019;12;0;20
Monday;04/11/2019;12;30;10
Monday;04/11/2019;13;0;10
Monday;04/11/2019;13;30;8
Monday;04/11/2019;14;0;4
Monday;04/11/2019;14;30;11
Monday;04/11/2019;15;0;14
Monday;04/11/2019;15;30;10
Monday;04/11/2019;16;0;3
Tuesday;05/11/2019;6;0;2
Tuesday;05/11/2019;6;30;1
Tuesday;05/11/2019;7;0;29
Tuesday;05/11/2019;7;30;49
Tuesday;05/11/2019;8;0;32
Tuesday;05/11/2019;8;30;12
Tuesday;05/11/2019;9;0;12
Tuesday;05/11/2019;9;30;30
Tuesday;05/11/2019;10;0;13
Tuesday;05/11/2019;10;30;11
Tuesday;05/11/2019;11;0;11
Tuesday;05/11/2019;11;30;15
Tuesday;05/11/2019;12;0;25
Tuesday;05/11/2019;12;30;14
Tuesday;05/11/2019;13;0;11
Tuesday;05/11/2019;13;30;9
Tuesday;05/11/2019;14;0;9
Tuesday;05/11/2019;14;30;4
Tuesday;05/11/2019;15;0;11
Tuesday;05/11/2019;15;30;7
Tuesday;05/11/2019;16;0;7
Tuesday;05/11/2019;16;30;2
Tuesday;05/11/2019;17;30;2
Tuesday;05/11/2019;18;0;2
Tuesday;05/11/2019;18;30;2
Tuesday;05/11/2019;19;0;1
Wednesday;06/11/2019;5;30;10
Wednesday;06/11/2019;6;0;5
Wednesday;06/11/2019;6;30;54
Wednesday;06/11/2019;7;0;20
Wednesday;06/11/2019;7;30;14
Wednesday;06/11/2019;8;0;12
Wednesday;06/11/2019;8;30;8
Wednesday;06/11/2019;9;0;7
Wednesday;06/11/2019;9;30;17
Wednesday;06/11/2019;10;0;15
Wednesday;06/11/2019;10;30;27
Wednesday;06/11/2019;11;0;22
Wednesday;06/11/2019;11;30;13
Wednesday;06/11/2019;12;0;21
Wednesday;06/11/2019;12;30;9
Wednesday;06/11/2019;13;0;6
Wednesday;06/11/2019;13;30;9
Wednesday;06/11/2019;14;0;9
Wednesday;06/11/2019;14;30;1
Wednesday;06/11/2019;15;0;6
Wednesday;06/11/2019;15;30;7
Wednesday;06/11/2019;16;0;7
Wednesday;06/11/2019;16;30;1
Wednesday;06/11/2019;17;0;1
Thursday;07/11/2019;5;30;2
Thursday;07/11/2019;6;0;25
Thursday;07/11/2019;6;30;47
Thursday;07/11/2019;7;0;16
Thursday;07/11/2019;7;30;21
Thursday;07/11/2019;8;0;15
Thursday;07/11/2019;8;30;20
Thursday;07/11/2019;9;0;9
Thursday;07/11/2019;9;30;9
Thursday;07/11/2019;10;0;34
Thursday;07/11/2019;10;30;8
Thursday;07/11/2019;11;0;5
Thursday;07/11/2019;11;30;2
Thursday;07/11/2019;12;0;15
Thursday;07/11/2019;12;30;3
Thursday;07/11/2019;13;0;3
Thursday;07/11/2019;13;30;5
Thursday;07/11/2019;14;0;2
Thursday;07/11/2019;14;30;2
Thursday;07/11/2019;16;30;1
Friday;08/11/2019;6;0;65
Friday;08/11/2019;6;30;41
Friday;08/11/2019;7;0;10
Friday;08/11/2019;7;30;12
Friday;08/11/2019;8;0;1
Friday;08/11/2019;8;30;6
Friday;08/11/2019;9;30;2
Friday;08/11/2019;10;0;40
Friday;08/11/2019;10;30;8
Friday;08/11/2019;11;0;9
Friday;08/11/2019;11;30;19
Friday;08/11/2019;12;0;11
Friday;08/11/2019;12;30;3
Friday;08/11/2019;13;0;10
Friday;08/11/2019;13;30;12
Friday;08/11/2019;14;0;4
Friday;08/11/2019;14;30;8
Friday;08/11/2019;15;0;1
Friday;08/11/2019;15;30;4
Friday;08/11/2019;16;0;3
Friday;08/11/2019;17;30;1
Friday;08/11/2019;18;0;1
Saturday;09/11/2019;6;30;2
Saturday;09/11/2019;7;0;45
Saturday;09/11/2019;7;30;8
Saturday;09/11/2019;8;0;11
Saturday;09/11/2019;8;30;14
Saturday;09/11/2019;9;0;13
Saturday;09/11/2019;9;30;9
Saturday;09/11/2019;10;0;8
Saturday;09/11/2019;10;30;2
Saturday;09/11/2019;11;0;6
Saturday;09/11/2019;11;30;3
Saturday;09/11/2019;12;0;3
Saturday;09/11/2019;12;30;4
Saturday;09/11/2019;13;0;5
Saturday;09/11/2019;13;30;3
Saturday;09/11/2019;14;30;2
Monday;11/11/2019;6;0;8
Monday;11/11/2019;6;30;1
Monday;11/11/2019;7;0;3
Monday;11/11/2019;7;30;32
Monday;11/11/2019;8;0;19
Monday;11/11/2019;8;30;4
Monday;11/11/2019;9;0;4
Monday;11/11/2019;9;30;13
Monday;11/11/2019;10;0;27
Monday;11/11/2019;10;30;11
Monday;11/11/2019;11;0;8
Monday;11/11/2019;11;30;16
Monday;11/11/2019;12;0;10
Monday;11/11/2019;12;30;8
Monday;11/11/2019;13;0;10
Monday;11/11/2019;13;30;1
Monday;11/11/2019;14;0;16
Monday;11/11/2019;14;30;10
Monday;11/11/2019;15;0;2
Monday;11/11/2019;15;30;9
Monday;11/11/2019;16;0;6
Monday;11/11/2019;16;30;2
Monday;11/11/2019;17;0;2
Monday;11/11/2019;17;30;3
Monday;11/11/2019;18;30;1
Tuesday;12/11/2019;5;0;1
Tuesday;12/11/2019;5;30;3
Tuesday;12/11/2019;7;30;4
Tuesday;12/11/2019;8;0;53
Tuesday;12/11/2019;8;30;4
Tuesday;12/11/2019;9;0;3
Tuesday;12/11/2019;9;30;2
Tuesday;12/11/2019;10;0;22
Tuesday;12/11/2019;10;30;7
Tuesday;12/11/2019;11;0;30
Tuesday;12/11/2019;11;30;20
Tuesday;12/11/2019;12;0;10
Tuesday;12/11/2019;12;30;11
Tuesday;12/11/2019;13;0;15
Tuesday;12/11/2019;13;30;10
Tuesday;12/11/2019;14;0;9
Tuesday;12/11/2019;14;30;10
Tuesday;12/11/2019;15;0;16
Tuesday;12/11/2019;15;30;6
Tuesday;12/11/2019;16;0;11
Tuesday;12/11/2019;16;30;6
Tuesday;12/11/2019;17;0;6
Tuesday;12/11/2019;17;30;4
Tuesday;12/11/2019;18;0;1
Tuesday;12/11/2019;18;30;4
Tuesday;12/11/2019;20;0;1
Wednesday;13/11/2019;4;30;2
Wednesday;13/11/2019;5;0;13
Wednesday;13/11/2019;5;30;14
Wednesday;13/11/2019;6;0;10
Wednesday;13/11/2019;6;30;12
Wednesday;13/11/2019;7;0;15
Wednesday;13/11/2019;8;0;13
Wednesday;13/11/2019;8;30;13
Wednesday;13/11/2019;9;0;6
Wednesday;13/11/2019;9;30;18
Wednesday;13/11/2019;10;0;31
Wednesday;13/11/2019;10;30;16
Wednesday;13/11/2019;11;0;14
Wednesday;13/11/2019;11;30;6
Wednesday;13/11/2019;12;0;11
Wednesday;13/11/2019;12;30;5
Wednesday;13/11/2019;13;0;3
Wednesday;13/11/2019;13;30;6
Wednesday;13/11/2019;14;0;9
Wednesday;13/11/2019;14;30;23
Wednesday;13/11/2019;15;0;11
Wednesday;13/11/2019;15;30;15
Wednesday;13/11/2019;16;0;3
Wednesday;13/11/2019;16;30;6
Wednesday;13/11/2019;17;0;2
Wednesday;13/11/2019;17;30;5
Wednesday;13/11/2019;18;0;6
Wednesday;13/11/2019;18;30;6
Wednesday;13/11/2019;19;0;3
Wednesday;13/11/2019;19;30;2
Thursday;14/11/2019;4;0;2
Thursday;14/11/2019;4;30;4
Thursday;14/11/2019;5;0;1
Thursday;14/11/2019;5;30;7
Thursday;14/11/2019;6;0;1
Thursday;14/11/2019;6;30;19
Thursday;14/11/2019;7;0;42
Thursday;14/11/2019;7;30;16
Thursday;14/11/2019;8;0;13
Thursday;14/11/2019;8;30;9
Thursday;14/11/2019;9;0;16
Thursday;14/11/2019;9;30;6
Thursday;14/11/2019;10;0;6
Thursday;14/11/2019;10;30;22
Thursday;14/11/2019;11;0;9
Thursday;14/11/2019;11;30;18
Thursday;14/11/2019;12;0;40
Thursday;14/11/2019;12;30;11
Thursday;14/11/2019;13;0;10
Thursday;14/11/2019;13;30;9
Thursday;14/11/2019;14;0;7
Thursday;14/11/2019;14;30;12
Thursday;14/11/2019;15;0;8
Thursday;14/11/2019;15;30;8
Thursday;14/11/2019;16;0;1
Thursday;14/11/2019;16;30;9
Thursday;14/11/2019;17;0;4
Thursday;14/11/2019;17;30;9
Thursday;14/11/2019;18;0;2
Friday;15/11/2019;7;0;12
Friday;15/11/2019;7;30;6
Friday;15/11/2019;8;0;66
Friday;15/11/2019;8;30;17
Friday;15/11/2019;9;0;15
Friday;15/11/2019;9;30;7
Friday;15/11/2019;10;0;11
Friday;15/11/2019;10;30;19
Friday;15/11/2019;11;0;14
Friday;15/11/2019;11;30;16
Friday;15/11/2019;12;0;6
Friday;15/11/2019;12;30;7
Friday;15/11/2019;13;0;9
Friday;15/11/2019;13;30;4
Friday;15/11/2019;14;0;4
Friday;15/11/2019;14;30;6
Friday;15/11/2019;15;0;3
Friday;15/11/2019;15;30;1
Friday;15/11/2019;16;0;1
Friday;15/11/2019;16;30;1
Friday;15/11/2019;22;0;1
Saturday;16/11/2019;6;30;1
Saturday;16/11/2019;7;0;5
Saturday;16/11/2019;7;30;20
Saturday;16/11/2019;8;0;18
Saturday;16/11/2019;8;30;40
Saturday;16/11/2019;9;0;7
Saturday;16/11/2019;9;30;17
Saturday;16/11/2019;10;0;17
Saturday;16/11/2019;10;30;11
Saturday;16/11/2019;11;0;10
Saturday;16/11/2019;11;30;15
Saturday;16/11/2019;12;0;8
Saturday;16/11/2019;12;30;6
Saturday;16/11/2019;13;0;3
Saturday;16/11/2019;13;30;3
Saturday;16/11/2019;14;0;1
Saturday;16/11/2019;14;30;2
Saturday;16/11/2019;15;0;5
Saturday;16/11/2019;15;30;1
Sunday;17/11/2019;7;0;31
Sunday;17/11/2019;7;30;17
Sunday;17/11/2019;8;0;35
Sunday;17/11/2019;8;30;4
Sunday;17/11/2019;9;0;7
Sunday;17/11/2019;9;30;11
Sunday;17/11/2019;10;0;31
Sunday;17/11/2019;10;30;22
Sunday;17/11/2019;11;0;11
Sunday;17/11/2019;11;30;36
Sunday;17/11/2019;12;0;7
Sunday;17/11/2019;12;30;10
Sunday;17/11/2019;13;0;7
Sunday;17/11/2019;13;30;8
Sunday;17/11/2019;14;0;5
Sunday;17/11/2019;15;30;1
Monday;18/11/2019;5;30;1
Monday;18/11/2019;6;0;3
Monday;18/11/2019;6;30;3
Monday;18/11/2019;7;0;41
Monday;18/11/2019;7;30;79
Monday;18/11/2019;8;0;48
Monday;18/11/2019;8;30;12
Monday;18/11/2019;9;0;13
Monday;18/11/2019;9;30;23
Monday;18/11/2019;10;0;8
Monday;18/11/2019;10;30;17
Monday;18/11/2019;11;0;43
Monday;18/11/2019;11;30;13
Monday;18/11/2019;12;0;10
Monday;18/11/2019;12;30;7
Monday;18/11/2019;13;0;8
Monday;18/11/2019;13;30;7
Monday;18/11/2019;14;30;1
Monday;18/11/2019;15;0;6
Monday;18/11/2019;15;30;1
Monday;18/11/2019;16;0;2
Monday;18/11/2019;16;30;1
Monday;18/11/2019;17;0;2
Monday;18/11/2019;17;30;3
Monday;18/11/2019;18;0;3
Monday;18/11/2019;18;30;2
Tuesday;19/11/2019;5;30;12
Tuesday;19/11/2019;6;0;23
Tuesday;19/11/2019;6;30;1
Tuesday;19/11/2019;7;0;3
Tuesday;19/11/2019;7;30;2
Tuesday;19/11/2019;8;0;4
Tuesday;19/11/2019;8;30;1
Tuesday;19/11/2019;9;30;19
Tuesday;19/11/2019;10;0;20
Tuesday;19/11/2019;10;30;4
Tuesday;19/11/2019;11;0;19
Tuesday;19/11/2019;11;30;3
Tuesday;19/11/2019;12;0;2
Tuesday;19/11/2019;12;30;1
Tuesday;19/11/2019;13;30;3
Tuesday;19/11/2019;14;0;28
Tuesday;19/11/2019;14;30;14
Tuesday;19/11/2019;15;0;2
Tuesday;19/11/2019;15;30;2
Tuesday;19/11/2019;16;0;3
Tuesday;19/11/2019;16;30;3
Tuesday;19/11/2019;17;0;5
Tuesday;19/11/2019;17;30;2
Wednesday;20/11/2019;8;0;20
Wednesday;20/11/2019;8;30;10
Wednesday;20/11/2019;9;0;3
Wednesday;20/11/2019;9;30;8
Wednesday;20/11/2019;10;0;29
Wednesday;20/11/2019;10;30;7
Wednesday;20/11/2019;11;30;3
Wednesday;20/11/2019;12;30;3
Wednesday;20/11/2019;13;30;17
Wednesday;20/11/2019;14;0;13
Wednesday;20/11/2019;14;30;4
Wednesday;20/11/2019;15;0;1
Wednesday;20/11/2019;15;30;3
Wednesday;20/11/2019;16;30;1
Wednesday;20/11/2019;17;0;1
Thursday;21/11/2019;4;30;6
Thursday;21/11/2019;5;0;8
Thursday;21/11/2019;5;30;2
Thursday;21/11/2019;6;30;5
Thursday;21/11/2019;7;0;6
Thursday;21/11/2019;7;30;10
Thursday;21/11/2019;8;0;2
Thursday;21/11/2019;8;30;3
Thursday;21/11/2019;9;0;10
Thursday;21/11/2019;9;30;2
Thursday;21/11/2019;10;0;15
Thursday;21/11/2019;10;30;7
Thursday;21/11/2019;11;0;7
Thursday;21/11/2019;11;30;2
Thursday;21/11/2019;12;0;1
Thursday;21/11/2019;13;0;1
Thursday;21/11/2019;14;0;1
Thursday;21/11/2019;15;30;1
Friday;22/11/2019;5;0;9
Friday;22/11/2019;5;30;21
Friday;22/11/2019;6;0;11
Friday;22/11/2019;6;30;3
Friday;22/11/2019;7;0;2
Friday;22/11/2019;7;30;4
Friday;22/11/2019;8;0;7
Friday;22/11/2019;8;30;2
Friday;22/11/2019;9;0;2
Friday;22/11/2019;9;30;3
Friday;22/11/2019;10;0;2
Friday;22/11/2019;10;30;22
Friday;22/11/2019;11;0;41
Friday;22/11/2019;11;30;11
Friday;22/11/2019;12;0;2
Friday;22/11/2019;12;30;5
Friday;22/11/2019;13;0;1
Friday;22/11/2019;13;30;1
Friday;22/11/2019;14;0;4
Friday;22/11/2019;15;0;1
Saturday;23/11/2019;8;30;1
Saturday;23/11/2019;9;0;41
Saturday;23/11/2019;9;30;18
Saturday;23/11/2019;10;0;5
Saturday;23/11/2019;10;30;27
Saturday;23/11/2019;11;0;10
Saturday;23/11/2019;11;30;17
Saturday;23/11/2019;12;0;11
Saturday;23/11/2019;12;30;7
Saturday;23/11/2019;13;0;6
Saturday;23/11/2019;13;30;3
Saturday;23/11/2019;14;0;1
Sunday;24/11/2019;9;0;5
Sunday;24/11/2019;9;30;24
Sunday;24/11/2019;10;0;10
Sunday;24/11/2019;10;30;2
Sunday;24/11/2019;11;30;3
Sunday;24/11/2019;12;0;5
Sunday;24/11/2019;12;30;5
Sunday;24/11/2019;15;0;1
Monday;25/11/2019;5;0;5
Monday;25/11/2019;5;30;10
Monday;25/11/2019;6;30;3
Monday;25/11/2019;7;0;2
Monday;25/11/2019;7;30;2
Monday;25/11/2019;8;0;4
Monday;25/11/2019;9;0;1
Monday;25/11/2019;9;30;7
Monday;25/11/2019;10;0;33
Monday;25/11/2019;10;30;10
Monday;25/11/2019;11;0;4
Monday;25/11/2019;11;30;5
Monday;25/11/2019;12;0;3
Monday;25/11/2019;12;30;4
Monday;25/11/2019;13;0;4
Monday;25/11/2019;13;30;8
Monday;25/11/2019;14;30;2
Monday;25/11/2019;15;0;13
Monday;25/11/2019;15;30;10
Monday;25/11/2019;16;0;4
Monday;25/11/2019;16;30;1
Monday;25/11/2019;18;0;2
Monday;25/11/2019;18;30;1
Monday;25/11/2019;19;0;1
Monday;25/11/2019;19;30;1
Monday;25/11/2019;20;30;1
Tuesday;26/11/2019;5;0;10
Tuesday;26/11/2019;5;30;36
Tuesday;26/11/2019;6;0;10
Tuesday;26/11/2019;6;30;19
Tuesday;26/11/2019;7;0;8
Tuesday;26/11/2019;7;30;5
Tuesday;26/11/2019;8;0;7
Tuesday;26/11/2019;8;30;6
Tuesday;26/11/2019;9;0;19
Tuesday;26/11/2019;9;30;5
Tuesday;26/11/2019;10;0;15
Tuesday;26/11/2019;10;30;5
Tuesday;26/11/2019;11;0;12
Tuesday;26/11/2019;11;30;8
Tuesday;26/11/2019;12;0;19
Tuesday;26/11/2019;12;30;7
Tuesday;26/11/2019;13;0;3
Tuesday;26/11/2019;13;30;6
Tuesday;26/11/2019;14;0;5
Tuesday;26/11/2019;14;30;3
Tuesday;26/11/2019;15;0;2
Tuesday;26/11/2019;15;30;5
Tuesday;26/11/2019;16;30;1
Tuesday;26/11/2019;17;0;10
Tuesday;26/11/2019;17;30;6
Tuesday;26/11/2019;18;0;11
Tuesday;26/11/2019;18;30;1
Tuesday;26/11/2019;19;0;1
Tuesday;26/11/2019;20;0;1
Wednesday;27/11/2019;5;0;31
Wednesday;27/11/2019;5;30;9
Wednesday;27/11/2019;6;0;10
Wednesday;27/11/2019;6;30;13
Wednesday;27/11/2019;7;0;2
Wednesday;27/11/2019;7;30;5
Wednesday;27/11/2019;8;0;15
Wednesday;27/11/2019;8;30;6
Wednesday;27/11/2019;9;0;13
Wednesday;27/11/2019;9;30;20
Wednesday;27/11/2019;10;0;19
Wednesday;27/11/2019;10;30;18
Wednesday;27/11/2019;11;0;4
Wednesday;27/11/2019;11;30;9
Wednesday;27/11/2019;12;0;9
Wednesday;27/11/2019;12;30;4
Wednesday;27/11/2019;13;0;2
Wednesday;27/11/2019;13;30;2
Wednesday;27/11/2019;14;0;2
Wednesday;27/11/2019;14;30;1
Wednesday;27/11/2019;15;0;1
Wednesday;27/11/2019;15;30;6
Wednesday;27/11/2019;16;0;2
Wednesday;27/11/2019;16;30;3
Wednesday;27/11/2019;17;0;4
Thursday;28/11/2019;5;0;9
Thursday;28/11/2019;5;30;21
Thursday;28/11/2019;6;0;4
Thursday;28/11/2019;6;30;9
Thursday;28/11/2019;7;0;6
Thursday;28/11/2019;7;30;7
Thursday;28/11/2019;8;0;1
Thursday;28/11/2019;8;30;6
Thursday;28/11/2019;9;0;5
Thursday;28/11/2019;9;30;3
Thursday;28/11/2019;10;0;8
Thursday;28/11/2019;10;30;20
Thursday;28/11/2019;11;0;4
Thursday;28/11/2019;11;30;9
Thursday;28/11/2019;12;0;13
Thursday;28/11/2019;12;30;5
Thursday;28/11/2019;13;0;17
Thursday;28/11/2019;13;30;6
Thursday;28/11/2019;14;0;8
Thursday;28/11/2019;14;30;8
Thursday;28/11/2019;15;0;2
Thursday;28/11/2019;15;30;5
Thursday;28/11/2019;16;0;4
Thursday;28/11/2019;16;30;2
Thursday;28/11/2019;17;0;2
Thursday;28/11/2019;17;30;3
Thursday;28/11/2019;18;0;1
Thursday;28/11/2019;19;0;1
Thursday;28/11/2019;20;30;1
Friday;29/11/2019;6;0;13
Friday;29/11/2019;6;30;25
Friday;29/11/2019;7;0;1
Friday;29/11/2019;7;30;8
Friday;29/11/2019;8;0;2
Friday;29/11/2019;8;30;11
Friday;29/11/2019;9;0;25
Friday;29/11/2019;9;30;16
Friday;29/11/2019;10;0;29
Friday;29/11/2019;10;30;13
Friday;29/11/2019;11;0;10
Friday;29/11/2019;11;30;11
Friday;29/11/2019;12;0;1
Friday;29/11/2019;12;30;6
Friday;29/11/2019;13;0;7
Friday;29/11/2019;13;30;12
Friday;29/11/2019;14;0;5
Friday;29/11/2019;15;0;5
Friday;29/11/2019;16;0;2
Friday;29/11/2019;16;30;1
Friday;29/11/2019;17;30;2
Friday;29/11/2019;18;0;1
Friday;29/11/2019;18;30;2
Friday;29/11/2019;19;0;1
Saturday;30/11/2019;6;0;12
Saturday;30/11/2019;6;30;34
Saturday;30/11/2019;7;0;4
Saturday;30/11/2019;7;30;18
Saturday;30/11/2019;8;0;8
Saturday;30/11/2019;8;30;10
Saturday;30/11/2019;9;0;25
Saturday;30/11/2019;9;30;10
Saturday;30/11/2019;10;0;12
Saturday;30/11/2019;10;30;14
Saturday;30/11/2019;11;0;19
Saturday;30/11/2019;11;30;19
Saturday;30/11/2019;12;0;11
Saturday;30/11/2019;12;30;3
Saturday;30/11/2019;13;0;5
Saturday;30/11/2019;13;30;7
Saturday;30/11/2019;14;0;8
Saturday;30/11/2019;14;30;6
Saturday;30/11/2019;15;30;1
Saturday;30/11/2019;16;30;1
Sunday;01/12/2019;6;0;15
Sunday;01/12/2019;6;30;8
Sunday;01/12/2019;7;0;23
Sunday;01/12/2019;7;30;15
Sunday;01/12/2019;8;0;14
Sunday;01/12/2019;8;30;11
Sunday;01/12/2019;9;0;10
Sunday;01/12/2019;9;30;13
Sunday;01/12/2019;10;0;33
Sunday;01/12/2019;10;30;15
Sunday;01/12/2019;11;0;15
Sunday;01/12/2019;11;30;8
Sunday;01/12/2019;12;0;11
Sunday;01/12/2019;12;30;10
Sunday;01/12/2019;13;0;7
Sunday;01/12/2019;13;30;5
Sunday;01/12/2019;14;0;6
Sunday;01/12/2019;14;30;6
Sunday;01/12/2019;15;0;3
Sunday;01/12/2019;15;30;4
Sunday;01/12/2019;16;0;6
Sunday;01/12/2019;16;30;3
Sunday;01/12/2019;17;0;1
Monday;02/12/2019;6;0;21
Monday;02/12/2019;6;30;31
Monday;02/12/2019;7;0;6
Monday;02/12/2019;7;30;5
Monday;02/12/2019;8;0;8
Monday;02/12/2019;8;30;13
Monday;02/12/2019;9;0;16
Monday;02/12/2019;9;30;24
Monday;02/12/2019;10;0;26
Monday;02/12/2019;10;30;11
Monday;02/12/2019;11;0;5
Monday;02/12/2019;11;30;11
Monday;02/12/2019;12;0;8
Monday;02/12/2019;12;30;5
Monday;02/12/2019;13;0;4
Monday;02/12/2019;13;30;3
Monday;02/12/2019;14;0;3
Monday;02/12/2019;14;30;1
Monday;02/12/2019;15;0;2
Monday;02/12/2019;15;30;3
Monday;02/12/2019;16;0;1
Monday;02/12/2019;16;30;2
Monday;02/12/2019;18;0;2
Monday;02/12/2019;18;30;1
Monday;02/12/2019;19;30;1
Tuesday;03/12/2019;5;0;16
Tuesday;03/12/2019;5;30;20
Tuesday;03/12/2019;6;0;31
Tuesday;03/12/2019;6;30;7
Tuesday;03/12/2019;7;0;3
Tuesday;03/12/2019;7;30;5
Tuesday;03/12/2019;8;0;7
Tuesday;03/12/2019;8;30;6
Tuesday;03/12/2019;9;0;35
Tuesday;03/12/2019;9;30;10
Tuesday;03/12/2019;10;0;2
Tuesday;03/12/2019;10;30;6
Tuesday;03/12/2019;11;0;44
Tuesday;03/12/2019;11;30;26
Tuesday;03/12/2019;12;0;11
Tuesday;03/12/2019;12;30;7
Tuesday;03/12/2019;13;0;4
Tuesday;03/12/2019;13;30;3
Tuesday;03/12/2019;14;0;7
Tuesday;03/12/2019;14;30;10
Tuesday;03/12/2019;15;0;1
Tuesday;03/12/2019;15;30;2
Tuesday;03/12/2019;16;30;6
Tuesday;03/12/2019;17;0;1
Tuesday;03/12/2019;18;30;1
Tuesday;03/12/2019;19;0;1
Tuesday;03/12/2019;19;30;1
Wednesday;04/12/2019;5;0;30
Wednesday;04/12/2019;5;30;12
Wednesday;04/12/2019;6;0;28
Wednesday;04/12/2019;6;30;6
Wednesday;04/12/2019;7;0;1
Wednesday;04/12/2019;7;30;6
Wednesday;04/12/2019;8;0;2
Wednesday;04/12/2019;8;30;20
Wednesday;04/12/2019;9;0;28
Wednesday;04/12/2019;9;30;10
Wednesday;04/12/2019;10;0;8
Wednesday;04/12/2019;10;30;6
Wednesday;04/12/2019;11;0;3
Wednesday;04/12/2019;11;30;42
Wednesday;04/12/2019;12;0;32
Wednesday;04/12/2019;12;30;10
Wednesday;04/12/2019;13;0;8
Wednesday;04/12/2019;13;30;4
Wednesday;04/12/2019;14;0;4
Wednesday;04/12/2019;14;30;9
Wednesday;04/12/2019;15;0;2
Wednesday;04/12/2019;15;30;4
Wednesday;04/12/2019;16;0;6
Wednesday;04/12/2019;16;30;1
Wednesday;04/12/2019;17;0;1
Wednesday;04/12/2019;18;0;2
Wednesday;04/12/2019;18;30;1
Wednesday;04/12/2019;19;0;4
Wednesday;04/12/2019;19;30;4
Thursday;05/12/2019;5;0;26
Thursday;05/12/2019;5;30;20
Thursday;05/12/2019;6;0;54
Thursday;05/12/2019;6;30;39
Thursday;05/12/2019;7;0;10
Thursday;05/12/2019;7;30;4
Thursday;05/12/2019;8;0;6
Thursday;05/12/2019;8;30;6
Thursday;05/12/2019;9;0;5
Thursday;05/12/2019;9;30;19
Thursday;05/12/2019;10;0;39
Thursday;05/12/2019;10;30;11
Thursday;05/12/2019;11;0;10
Thursday;05/12/2019;11;30;8
Thursday;05/12/2019;12;0;7
Thursday;05/12/2019;12;30;4
Thursday;05/12/2019;13;0;3
Thursday;05/12/2019;13;30;3
Thursday;05/12/2019;14;0;1
Thursday;05/12/2019;14;30;4
Thursday;05/12/2019;15;30;1
Thursday;05/12/2019;16;0;2
Thursday;05/12/2019;16;30;1
Thursday;05/12/2019;17;0;2
Thursday;05/12/2019;17;30;1
Thursday;05/12/2019;18;30;1
Thursday;05/12/2019;20;0;1
Thursday;05/12/2019;20;30;2
Friday;06/12/2019;5;0;4
Friday;06/12/2019;5;30;52
Friday;06/12/2019;6;0;7
Friday;06/12/2019;6;30;31
Friday;06/12/2019;7;0;36
Friday;06/12/2019;7;30;3
Friday;06/12/2019;8;0;3
Friday;06/12/2019;8;30;9
Friday;06/12/2019;9;0;1
Friday;06/12/2019;9;30;28
Friday;06/12/2019;10;0;12
Friday;06/12/2019;10;30;5
Friday;06/12/2019;11;0;6
Friday;06/12/2019;11;30;6
Friday;06/12/2019;12;0;5
Friday;06/12/2019;12;30;9
Friday;06/12/2019;13;0;2
Friday;06/12/2019;13;30;5
Friday;06/12/2019;14;0;2
Friday;06/12/2019;14;30;3
Friday;06/12/2019;15;0;2
Friday;06/12/2019;16;0;3
Friday;06/12/2019;16;30;5
Friday;06/12/2019;17;0;1
Friday;06/12/2019;18;0;2
Friday;06/12/2019;18;30;2
Friday;06/12/2019;19;0;1
Saturday;07/12/2019;7;30;2
Saturday;07/12/2019;8;0;43
Saturday;07/12/2019;8;30;18
Saturday;07/12/2019;9;0;12
Saturday;07/12/2019;9;30;38
Saturday;07/12/2019;10;0;17
Saturday;07/12/2019;10;30;10
Saturday;07/12/2019;11;0;5
Saturday;07/12/2019;11;30;13
Saturday;07/12/2019;12;0;9
Saturday;07/12/2019;12;30;9
Saturday;07/12/2019;13;0;9
Saturday;07/12/2019;13;30;6
Saturday;07/12/2019;14;0;6
Saturday;07/12/2019;14;30;2
Saturday;07/12/2019;15;0;3
Saturday;07/12/2019;15;30;4
Saturday;07/12/2019;16;0;3
Sunday;08/12/2019;8;30;18
Sunday;08/12/2019;9;0;20
Sunday;08/12/2019;9;30;4
Sunday;08/12/2019;10;30;5
Sunday;08/12/2019;11;0;2
Sunday;08/12/2019;11;30;3
Sunday;08/12/2019;12;0;1
Sunday;08/12/2019;12;30;1
Sunday;08/12/2019;13;0;2
Sunday;08/12/2019;13;30;1
Sunday;08/12/2019;14;0;1
Sunday;08/12/2019;14;30;2
Sunday;08/12/2019;15;0;1
Monday;09/12/2019;5;0;35
Monday;09/12/2019;5;30;10
Monday;09/12/2019;6;0;9
Monday;09/12/2019;6;30;4
Monday;09/12/2019;7;0;7
Monday;09/12/2019;7;30;30
Monday;09/12/2019;8;0;6
Monday;09/12/2019;8;30;2
Monday;09/12/2019;9;0;3
Monday;09/12/2019;9;30;6
Monday;09/12/2019;10;0;16
Monday;09/12/2019;10;30;10
Monday;09/12/2019;11;0;6
Monday;09/12/2019;11;30;6
Monday;09/12/2019;12;0;2
Monday;09/12/2019;12;30;1
Monday;09/12/2019;13;0;7
Monday;09/12/2019;13;30;4
Monday;09/12/2019;14;0;2
Monday;09/12/2019;15;0;1
Monday;09/12/2019;16;0;1
Monday;09/12/2019;16;30;4
Monday;09/12/2019;17;30;3
Tuesday;10/12/2019;5;30;4
Tuesday;10/12/2019;6;0;28
Tuesday;10/12/2019;6;30;35
Tuesday;10/12/2019;7;0;45
Tuesday;10/12/2019;7;30;7
Tuesday;10/12/2019;8;0;4
Tuesday;10/12/2019;8;30;1
Tuesday;10/12/2019;9;0;43
Tuesday;10/12/2019;9;30;8
Tuesday;10/12/2019;10;0;17
Tuesday;10/12/2019;10;30;6
Tuesday;10/12/2019;11;0;7
Tuesday;10/12/2019;11;30;19
Tuesday;10/12/2019;12;0;7
Tuesday;10/12/2019;12;30;4
Tuesday;10/12/2019;13;0;7
Tuesday;10/12/2019;13;30;3
Tuesday;10/12/2019;14;0;4
Tuesday;10/12/2019;14;30;7
Tuesday;10/12/2019;15;0;6
Tuesday;10/12/2019;15;30;2
Tuesday;10/12/2019;16;30;1
Tuesday;10/12/2019;17;0;1
Tuesday;10/12/2019;17;30;1
Wednesday;11/12/2019;5;0;29
Wednesday;11/12/2019;5;30;14
Wednesday;11/12/2019;6;0;5
Wednesday;11/12/2019;6;30;1
Wednesday;11/12/2019;7;0;4
Wednesday;11/12/2019;7;30;6
Wednesday;11/12/2019;8;0;12
Wednesday;11/12/2019;8;30;50
Wednesday;11/12/2019;9;0;5
Wednesday;11/12/2019;9;30;35
Wednesday;11/12/2019;10;0;13
Wednesday;11/12/2019;10;30;11
Wednesday;11/12/2019;11;0;22
Wednesday;11/12/2019;11;30;13
Wednesday;11/12/2019;12;0;9
Wednesday;11/12/2019;12;30;6
Wednesday;11/12/2019;13;0;2
Wednesday;11/12/2019;13;30;6
Wednesday;11/12/2019;14;0;5
Wednesday;11/12/2019;14;30;6
Wednesday;11/12/2019;15;0;1
Wednesday;11/12/2019;15;30;1
Wednesday;11/12/2019;16;0;2
Wednesday;11/12/2019;16;30;1
Wednesday;11/12/2019;17;0;1
Wednesday;11/12/2019;18;0;1
Wednesday;11/12/2019;19;30;1
Thursday;12/12/2019;5;0;28
Thursday;12/12/2019;5;30;15
Thursday;12/12/2019;6;0;7
Thursday;12/12/2019;6;30;42
Thursday;12/12/2019;7;0;38
Thursday;12/12/2019;7;30;9
Thursday;12/12/2019;8;0;11
Thursday;12/12/2019;8;30;11
Thursday;12/12/2019;9;0;7
Thursday;12/12/2019;9;30;5
Thursday;12/12/2019;10;0;24
Thursday;12/12/2019;10;30;22
Thursday;12/12/2019;11;0;13
Thursday;12/12/2019;11;30;8
Thursday;12/12/2019;12;0;10
Thursday;12/12/2019;12;30;7
Thursday;12/12/2019;13;0;5
Thursday;12/12/2019;13;30;4
Thursday;12/12/2019;14;0;7
Thursday;12/12/2019;14;30;2
Thursday;12/12/2019;15;0;2
Thursday;12/12/2019;15;30;2
Thursday;12/12/2019;16;0;1
Thursday;12/12/2019;17;0;3
Thursday;12/12/2019;17;30;1
Thursday;12/12/2019;18;0;2
Friday;13/12/2019;5;0;19
Friday;13/12/2019;5;30;38
Friday;13/12/2019;6;0;4
Friday;13/12/2019;6;30;42
Friday;13/12/2019;7;0;38
Friday;13/12/2019;7;30;15
Friday;13/12/2019;8;0;3
Friday;13/12/2019;8;30;2
Friday;13/12/2019;9;0;5
Friday;13/12/2019;9;30;3
Friday;13/12/2019;10;0;2
Friday;13/12/2019;10;30;31
Friday;13/12/2019;11;0;6
Friday;13/12/2019;11;30;5
Friday;13/12/2019;12;0;6
Friday;13/12/2019;12;30;4
Friday;13/12/2019;13;0;5
Friday;13/12/2019;14;0;1
Friday;13/12/2019;15;0;3
Friday;13/12/2019;16;0;3
Friday;13/12/2019;17;30;1
Saturday;14/12/2019;8;30;3
Saturday;14/12/2019;9;0;27
Saturday;14/12/2019;9;30;45
Saturday;14/12/2019;10;0;11
Saturday;14/12/2019;10;30;40
Saturday;14/12/2019;11;0;33
Saturday;14/12/2019;11;30;16
Saturday;14/12/2019;12;0;9
Saturday;14/12/2019;12;30;6
Saturday;14/12/2019;13;0;3
Saturday;14/12/2019;13;30;4
Saturday;14/12/2019;14;0;3
Saturday;14/12/2019;14;30;2
Saturday;14/12/2019;15;0;4
Saturday;14/12/2019;16;0;2
Saturday;14/12/2019;16;30;1
Monday;16/12/2019;5;0;6
Monday;16/12/2019;5;30;25
Monday;16/12/2019;6;0;3
Monday;16/12/2019;6;30;19
Monday;16/12/2019;7;0;12
Monday;16/12/2019;7;30;7
Monday;16/12/2019;8;0;3
Monday;16/12/2019;8;30;2
Monday;16/12/2019;9;0;5
Monday;16/12/2019;9;30;5
Monday;16/12/2019;10;0;11
Monday;16/12/2019;10;30;10
Monday;16/12/2019;11;0;3
Monday;16/12/2019;11;30;1
Monday;16/12/2019;12;0;3
Monday;16/12/2019;12;30;1
Monday;16/12/2019;13;0;1
Monday;16/12/2019;13;30;3
Monday;16/12/2019;14;0;1
Monday;16/12/2019;14;30;2
Monday;16/12/2019;15;0;3
Monday;16/12/2019;15;30;3
Monday;16/12/2019;16;30;1
Monday;16/12/2019;17;0;1
Monday;16/12/2019;18;0;3
Tuesday;17/12/2019;5;0;12
Tuesday;17/12/2019;5;30;2
Tuesday;17/12/2019;6;0;51
Tuesday;17/12/2019;6;30;7
Tuesday;17/12/2019;7;0;32
Tuesday;17/12/2019;7;30;5
Tuesday;17/12/2019;8;0;4
Tuesday;17/12/2019;8;30;20
Tuesday;17/12/2019;9;0;15
Tuesday;17/12/2019;9;30;18
Tuesday;17/12/2019;10;0;11
Tuesday;17/12/2019;10;30;17
Tuesday;17/12/2019;11;0;9
Tuesday;17/12/2019;11;30;6
Tuesday;17/12/2019;12;0;12
Tuesday;17/12/2019;12;30;1
Tuesday;17/12/2019;13;0;4
Tuesday;17/12/2019;13;30;1
Tuesday;17/12/2019;14;0;3
Tuesday;17/12/2019;15;0;1
Tuesday;17/12/2019;15;30;2
Tuesday;17/12/2019;16;0;1
Tuesday;17/12/2019;17;0;3
Tuesday;17/12/2019;18;0;1
Wednesday;18/12/2019;5;0;17
Wednesday;18/12/2019;5;30;2
Wednesday;18/12/2019;6;0;9
Wednesday;18/12/2019;6;30;4
Wednesday;18/12/2019;7;0;35
Wednesday;18/12/2019;7;30;2
Wednesday;18/12/2019;8;0;12
Wednesday;18/12/2019;8;30;3
Wednesday;18/12/2019;9;0;4
Wednesday;18/12/2019;9;30;36
Wednesday;18/12/2019;10;0;13
Wednesday;18/12/2019;10;30;9
Wednesday;18/12/2019;11;0;18
Wednesday;18/12/2019;11;30;9
Wednesday;18/12/2019;12;0;6
Wednesday;18/12/2019;12;30;9
Wednesday;18/12/2019;13;0;9
Wednesday;18/12/2019;13;30;3
Wednesday;18/12/2019;14;0;4
Wednesday;18/12/2019;14;30;6
Wednesday;18/12/2019;15;0;5
Wednesday;18/12/2019;15;30;2
Wednesday;18/12/2019;16;30;2
Wednesday;18/12/2019;17;0;2
Wednesday;18/12/2019;17;30;1
Wednesday;18/12/2019;18;0;1
Wednesday;18/12/2019;18;30;1
Thursday;19/12/2019;5;30;5
Thursday;19/12/2019;6;0;44
Thursday;19/12/2019;6;30;2
Thursday;19/12/2019;7;0;19
Thursday;19/12/2019;7;30;5
Thursday;19/12/2019;8;0;3
Thursday;19/12/2019;8;30;41
Thursday;19/12/2019;9;0;12
Thursday;19/12/2019;9;30;16
Thursday;19/12/2019;10;0;9
Thursday;19/12/2019;10;30;5
Thursday;19/12/2019;11;0;5
Thursday;19/12/2019;11;30;5
Thursday;19/12/2019;12;0;3
Thursday;19/12/2019;12;30;2
Thursday;19/12/2019;13;0;2
Thursday;19/12/2019;13;30;4
Thursday;19/12/2019;14;30;1
Thursday;19/12/2019;15;0;2
Thursday;19/12/2019;15;30;1
Thursday;19/12/2019;16;0;1
Friday;20/12/2019;5;30;10
Friday;20/12/2019;6;0;53
Friday;20/12/2019;6;30;7
Friday;20/12/2019;7;0;6
Friday;20/12/2019;7;30;8
Friday;20/12/2019;8;0;6
Friday;20/12/2019;8;30;14
Friday;20/12/2019;9;0;26
Friday;20/12/2019;9;30;10
Friday;20/12/2019;10;0;12
Friday;20/12/2019;10;30;10
Friday;20/12/2019;11;0;10
Friday;20/12/2019;11;30;10
Friday;20/12/2019;12;0;5
Friday;20/12/2019;12;30;5
Friday;20/12/2019;13;30;3
Friday;20/12/2019;14;0;2
Friday;20/12/2019;14;30;1
Friday;20/12/2019;15;0;1
Friday;20/12/2019;15;30;3
Friday;20/12/2019;16;0;2
Friday;20/12/2019;17;0;3
Friday;20/12/2019;18;0;2
Friday;20/12/2019;18;30;2
Saturday;21/12/2019;9;0;22
Saturday;21/12/2019;9;30;38
Saturday;21/12/2019;10;0;27
Saturday;21/12/2019;10;30;5
Saturday;21/12/2019;11;0;11
Saturday;21/12/2019;11;30;2
Saturday;21/12/2019;12;0;4
Saturday;21/12/2019;12;30;4
Saturday;21/12/2019;13;0;5
Saturday;21/12/2019;13;30;4
Saturday;21/12/2019;14;0;4
Saturday;21/12/2019;14;30;5
Saturday;21/12/2019;15;0;3
Saturday;21/12/2019;15;30;3
Saturday;21/12/2019;16;30;2
Saturday;21/12/2019;17;0;1
Monday;23/12/2019;5;30;7
Monday;23/12/2019;6;0;10
Monday;23/12/2019;6;30;3
Monday;23/12/2019;7;0;9
Monday;23/12/2019;7;30;4
Monday;23/12/2019;8;0;17
Monday;23/12/2019;8;30;3
Monday;23/12/2019;9;0;1
Monday;23/12/2019;9;30;13
Monday;23/12/2019;10;0;5
Monday;23/12/2019;10;30;2
Monday;23/12/2019;11;0;1
Monday;23/12/2019;11;30;1
Monday;23/12/2019;12;0;1
Monday;23/12/2019;12;30;1
Monday;23/12/2019;13;0;4
Monday;23/12/2019;16;30;1
Monday;23/12/2019;17;0;1
Tuesday;24/12/2019;7;0;48
Tuesday;24/12/2019;7;30;5
Tuesday;24/12/2019;8;0;22
Tuesday;24/12/2019;8;30;22
Tuesday;24/12/2019;9;0;9
Tuesday;24/12/2019;9;30;16
Tuesday;24/12/2019;10;0;7
Tuesday;24/12/2019;10;30;3
Tuesday;24/12/2019;11;0;1
Tuesday;24/12/2019;11;30;2
Tuesday;24/12/2019;12;0;9
Tuesday;24/12/2019;12;30;4
Tuesday;24/12/2019;13;0;1
Tuesday;24/12/2019;14;0;3
Tuesday;24/12/2019;16;0;3
Thursday;26/12/2019;5;30;6
Thursday;26/12/2019;6;0;32
Thursday;26/12/2019;6;30;3
Thursday;26/12/2019;7;0;4
Thursday;26/12/2019;7;30;6
Thursday;26/12/2019;8;0;6
Thursday;26/12/2019;8;30;4
Thursday;26/12/2019;9;0;7
Thursday;26/12/2019;9;30;2
Thursday;26/12/2019;10;0;5
Thursday;26/12/2019;11;0;3
Thursday;26/12/2019;12;0;2
Thursday;26/12/2019;12;30;3
Thursday;26/12/2019;13;0;4
Thursday;26/12/2019;13;30;1
Thursday;26/12/2019;14;0;1
Thursday;26/12/2019;14;30;5
Thursday;26/12/2019;16;0;1
Thursday;26/12/2019;16;30;2
Thursday;26/12/2019;17;0;3
Thursday;26/12/2019;18;0;3
Thursday;26/12/2019;18;30;1
Friday;27/12/2019;6;0;43
Friday;27/12/2019;6;30;3
Friday;27/12/2019;7;0;10
Friday;27/12/2019;7;30;2
Friday;27/12/2019;8;0;4
Friday;27/12/2019;8;30;6
Friday;27/12/2019;9;0;12
Friday;27/12/2019;9;30;13
Friday;27/12/2019;10;0;1
Friday;27/12/2019;10;30;3
Friday;27/12/2019;11;0;2
Friday;27/12/2019;11;30;2
Friday;27/12/2019;12;0;1
Friday;27/12/2019;12;30;1
Friday;27/12/2019;13;0;3
Friday;27/12/2019;13;30;3
Friday;27/12/2019;14;0;2
Friday;27/12/2019;14;30;2
Friday;27/12/2019;15;0;3
Friday;27/12/2019;16;30;3
Friday;27/12/2019;17;0;3
Friday;27/12/2019;17;30;1
Friday;27/12/2019;18;0;2
Saturday;28/12/2019;9;0;58
Saturday;28/12/2019;9;30;16
Saturday;28/12/2019;10;0;8
Saturday;28/12/2019;10;30;9
Saturday;28/12/2019;11;0;6
Saturday;28/12/2019;11;30;9
Saturday;28/12/2019;12;0;2
Saturday;28/12/2019;12;30;3
Saturday;28/12/2019;13;0;3
Saturday;28/12/2019;13;30;4
Saturday;28/12/2019;14;0;2
Saturday;28/12/2019;14;30;3
Saturday;28/12/2019;15;0;1
Saturday;28/12/2019;15;30;3
Saturday;28/12/2019;16;0;1
Saturday;28/12/2019;16;30;1
Saturday;28/12/2019;17;0;1
Monday;30/12/2019;5;30;5
Monday;30/12/2019;6;0;23
Monday;30/12/2019;6;30;6
Monday;30/12/2019;7;0;15
Monday;30/12/2019;7;30;4
Monday;30/12/2019;8;0;4
Monday;30/12/2019;8;30;5
Monday;30/12/2019;9;30;10
Monday;30/12/2019;10;0;2
Monday;30/12/2019;10;30;6
Monday;30/12/2019;12;0;5
Monday;30/12/2019;12;30;3
Monday;30/12/2019;13;0;2
Monday;30/12/2019;14;30;2
Monday;30/12/2019;15;0;2
Monday;30/12/2019;16;30;2
Monday;30/12/2019;17;0;1
Monday;30/12/2019;17;30;1
Tuesday;31/12/2019;7;0;30
Tuesday;31/12/2019;7;30;7
Tuesday;31/12/2019;8;0;1
Tuesday;31/12/2019;8;30;17
Tuesday;31/12/2019;9;0;6
Tuesday;31/12/2019;9;30;7
Tuesday;31/12/2019;10;0;1
Tuesday;31/12/2019;10;30;9
Tuesday;31/12/2019;11;0;6
Tuesday;31/12/2019;11;30;6
Tuesday;31/12/2019;12;0;2
Tuesday;31/12/2019;13;0;1
Thursday;02/01/2020;5;30;2
Thursday;02/01/2020;6;0;17
Thursday;02/01/2020;6;30;6
Thursday;02/01/2020;7;0;20
Thursday;02/01/2020;7;30;8
Thursday;02/01/2020;8;0;4
Thursday;02/01/2020;8;30;2
Thursday;02/01/2020;9;0;5
Thursday;02/01/2020;9;30;3
Thursday;02/01/2020;10;0;3
Thursday;02/01/2020;10;30;1
Thursday;02/01/2020;11;0;1
Thursday;02/01/2020;11;30;3
Thursday;02/01/2020;13;0;3
Thursday;02/01/2020;13;30;1
Thursday;02/01/2020;14;0;5
Thursday;02/01/2020;15;0;2
Thursday;02/01/2020;16;0;3
Thursday;02/01/2020;17;0;1
Thursday;02/01/2020;17;30;2
Thursday;02/01/2020;18;30;1
Thursday;02/01/2020;19;0;1
Friday;03/01/2020;6;0;34
Friday;03/01/2020;6;30;4
Friday;03/01/2020;7;0;17
Friday;03/01/2020;7;30;4
Friday;03/01/2020;8;0;4
Friday;03/01/2020;8;30;2
Friday;03/01/2020;9;0;1
Friday;03/01/2020;9;30;12
Friday;03/01/2020;10;0;5
Friday;03/01/2020;10;30;2
Friday;03/01/2020;11;0;4
Friday;03/01/2020;11;30;2
Friday;03/01/2020;12;30;3
Friday;03/01/2020;13;30;2
Friday;03/01/2020;14;0;4
Friday;03/01/2020;14;30;2
Friday;03/01/2020;15;0;5
Friday;03/01/2020;15;30;2
Friday;03/01/2020;16;0;1
Friday;03/01/2020;16;30;4
Friday;03/01/2020;17;0;2
Friday;03/01/2020;17;30;3
Friday;03/01/2020;18;0;1
Friday;03/01/2020;18;30;1
Saturday;04/01/2020;8;30;4
Saturday;04/01/2020;9;0;54
Saturday;04/01/2020;9;30;9
Saturday;04/01/2020;10;0;14
Saturday;04/01/2020;10;30;9
Saturday;04/01/2020;11;0;8
Saturday;04/01/2020;11;30;6
Saturday;04/01/2020;12;0;4
Saturday;04/01/2020;12;30;5
Saturday;04/01/2020;13;0;2
Saturday;04/01/2020;13;30;1
Saturday;04/01/2020;14;30;3
Saturday;04/01/2020;17;0;1
Monday;06/01/2020;5;30;8
Monday;06/01/2020;6;0;20
Monday;06/01/2020;6;30;7
Monday;06/01/2020;7;0;17
Monday;06/01/2020;7;30;1
Monday;06/01/2020;8;0;2
Monday;06/01/2020;8;30;1
Monday;06/01/2020;9;0;9
Monday;06/01/2020;9;30;6
Monday;06/01/2020;10;0;12
Monday;06/01/2020;10;30;1
Monday;06/01/2020;11;0;2
Monday;06/01/2020;11;30;1
Monday;06/01/2020;12;30;3
Monday;06/01/2020;13;0;1
Monday;06/01/2020;13;30;4
Monday;06/01/2020;14;0;3
Monday;06/01/2020;14;30;1
Monday;06/01/2020;15;30;3
Monday;06/01/2020;16;0;2
Monday;06/01/2020;16;30;1
Monday;06/01/2020;17;0;1
Monday;06/01/2020;17;30;1
Monday;06/01/2020;18;0;1
Tuesday;07/01/2020;6;0;42
Tuesday;07/01/2020;6;30;21
Tuesday;07/01/2020;7;0;13
Tuesday;07/01/2020;7;30;43
Tuesday;07/01/2020;8;0;3
Tuesday;07/01/2020;8;30;12
Tuesday;07/01/2020;9;0;7
Tuesday;07/01/2020;9;30;9
Tuesday;07/01/2020;10;0;7
Tuesday;07/01/2020;10;30;3
Tuesday;07/01/2020;11;0;3
Tuesday;07/01/2020;11;30;5
Tuesday;07/01/2020;12;30;1
Tuesday;07/01/2020;13;0;4
Tuesday;07/01/2020;13;30;2
Tuesday;07/01/2020;14;0;5
Tuesday;07/01/2020;14;30;1
Tuesday;07/01/2020;15;0;3
Tuesday;07/01/2020;15;30;3
Tuesday;07/01/2020;16;0;5
Tuesday;07/01/2020;16;30;3
Tuesday;07/01/2020;17;0;1
Tuesday;07/01/2020;17;30;2
Tuesday;07/01/2020;18;30;1
Wednesday;08/01/2020;5;30;15
Wednesday;08/01/2020;6;0;58
Wednesday;08/01/2020;6;30;8
Wednesday;08/01/2020;7;0;15
Wednesday;08/01/2020;7;30;3
Wednesday;08/01/2020;8;30;5
Wednesday;08/01/2020;9;0;3
Wednesday;08/01/2020;9;30;13
Wednesday;08/01/2020;10;0;13
Wednesday;08/01/2020;10;30;5
Wednesday;08/01/2020;11;0;2
Wednesday;08/01/2020;11;30;2
Wednesday;08/01/2020;12;0;1
Wednesday;08/01/2020;12;30;3
Wednesday;08/01/2020;13;0;2
Wednesday;08/01/2020;13;30;2
Wednesday;08/01/2020;14;0;1
Wednesday;08/01/2020;15;30;1
Wednesday;08/01/2020;16;0;2
Wednesday;08/01/2020;18;0;1
Wednesday;08/01/2020;19;0;1
Thursday;09/01/2020;5;30;4
Thursday;09/01/2020;6;0;73
Thursday;09/01/2020;6;30;14
Thursday;09/01/2020;7;0;7
Thursday;09/01/2020;7;30;6
Thursday;09/01/2020;8;0;4
Thursday;09/01/2020;8;30;3
Thursday;09/01/2020;9;0;9
Thursday;09/01/2020;9;30;3
Thursday;09/01/2020;10;0;27
Thursday;09/01/2020;10;30;13
Thursday;09/01/2020;11;0;3
Thursday;09/01/2020;11;30;4
Thursday;09/01/2020;12;0;3
Thursday;09/01/2020;12;30;1
Thursday;09/01/2020;13;0;2
Thursday;09/01/2020;13;30;2
Thursday;09/01/2020;14;0;4
Thursday;09/01/2020;14;30;1
Thursday;09/01/2020;15;0;3
Thursday;09/01/2020;15;30;2
Thursday;09/01/2020;16;0;2
Thursday;09/01/2020;16;30;6
Thursday;09/01/2020;17;0;1
Thursday;09/01/2020;17;30;1
Thursday;09/01/2020;18;0;1
Friday;10/01/2020;5;30;26
Friday;10/01/2020;6;0;53
Friday;10/01/2020;7;0;5
Friday;10/01/2020;7;30;6
Friday;10/01/2020;8;0;3
Friday;10/01/2020;8;30;6
Friday;10/01/2020;9;0;2
Friday;10/01/2020;9;30;26
Friday;10/01/2020;10;0;9
Friday;10/01/2020;10;30;6
Friday;10/01/2020;11;0;3
Friday;10/01/2020;11;30;3
Friday;10/01/2020;12;0;3
Friday;10/01/2020;12;30;1
Friday;10/01/2020;13;0;1
Friday;10/01/2020;13;30;1
Friday;10/01/2020;14;0;2
Friday;10/01/2020;14;30;1
Friday;10/01/2020;15;30;1
Friday;10/01/2020;16;0;2
Friday;10/01/2020;16;30;1
Friday;10/01/2020;17;0;1
Saturday;11/01/2020;8;30;18
Saturday;11/01/2020;9;0;51
Saturday;11/01/2020;9;30;18
Saturday;11/01/2020;10;0;8
Saturday;11/01/2020;10;30;5
Saturday;11/01/2020;11;0;6
Saturday;11/01/2020;11;30;9
Saturday;11/01/2020;12;0;5
Saturday;11/01/2020;12;30;2
Saturday;11/01/2020;13;0;5
Saturday;11/01/2020;13;30;1
Saturday;11/01/2020;14;0;4
Saturday;11/01/2020;14;30;3
Saturday;11/01/2020;15;30;3
Saturday;11/01/2020;16;0;1
Saturday;11/01/2020;16;30;2
Monday;13/01/2020;5;30;16
Monday;13/01/2020;6;0;22
Monday;13/01/2020;6;30;6
Monday;13/01/2020;7;0;4
Monday;13/01/2020;7;30;4
Monday;13/01/2020;8;0;4
Monday;13/01/2020;8;30;2
Monday;13/01/2020;9;0;2
Monday;13/01/2020;9;30;16
Monday;13/01/2020;10;0;19
Monday;13/01/2020;10;30;5
Monday;13/01/2020;11;0;5
Monday;13/01/2020;12;30;2
Monday;13/01/2020;13;0;1
Monday;13/01/2020;13;30;3
Monday;13/01/2020;14;0;2
Monday;13/01/2020;14;30;1
Monday;13/01/2020;15;0;2
Monday;13/01/2020;15;30;1
Monday;13/01/2020;17;0;1
Tuesday;14/01/2020;5;30;20
Tuesday;14/01/2020;6;0;53
Tuesday;14/01/2020;6;30;7
Tuesday;14/01/2020;7;0;9
Tuesday;14/01/2020;7;30;2
Tuesday;14/01/2020;8;0;1
Tuesday;14/01/2020;8;30;5
Tuesday;14/01/2020;9;0;5
Tuesday;14/01/2020;9;30;17
Tuesday;14/01/2020;10;0;4
Tuesday;14/01/2020;10;30;7
Tuesday;14/01/2020;11;0;5
Tuesday;14/01/2020;11;30;1
Tuesday;14/01/2020;12;0;4
Tuesday;14/01/2020;12;30;3
Tuesday;14/01/2020;13;0;3
Tuesday;14/01/2020;14;0;4
Tuesday;14/01/2020;14;30;2
Tuesday;14/01/2020;15;0;1
Tuesday;14/01/2020;15;30;2
Tuesday;14/01/2020;16;0;2
Tuesday;14/01/2020;16;30;3
Tuesday;14/01/2020;17;0;5
Wednesday;15/01/2020;5;30;18
Wednesday;15/01/2020;6;0;84
Wednesday;15/01/2020;6;30;8
Wednesday;15/01/2020;7;0;10
Wednesday;15/01/2020;7;30;12
Wednesday;15/01/2020;8;0;3
Wednesday;15/01/2020;9;0;5
Wednesday;15/01/2020;9;30;19
Wednesday;15/01/2020;10;0;20
Wednesday;15/01/2020;10;30;5
Wednesday;15/01/2020;11;0;6
Wednesday;15/01/2020;11;30;5
Wednesday;15/01/2020;12;0;1
Wednesday;15/01/2020;12;30;1
Wednesday;15/01/2020;13;0;2
Wednesday;15/01/2020;13;30;2
Wednesday;15/01/2020;14;0;4
Wednesday;15/01/2020;14;30;1
Wednesday;15/01/2020;15;0;1
Wednesday;15/01/2020;15;30;1
Wednesday;15/01/2020;16;0;1
Wednesday;15/01/2020;16;30;5
Wednesday;15/01/2020;17;0;2
Wednesday;15/01/2020;17;30;4
Wednesday;15/01/2020;18;0;1
Wednesday;15/01/2020;18;30;2
Thursday;16/01/2020;6;0;27
Thursday;16/01/2020;6;30;33
Thursday;16/01/2020;7;0;43
Thursday;16/01/2020;7;30;4
Thursday;16/01/2020;8;0;9
Thursday;16/01/2020;9;0;7
Thursday;16/01/2020;9;30;21
Thursday;16/01/2020;10;0;20
Thursday;16/01/2020;10;30;11
Thursday;16/01/2020;11;0;3
Thursday;16/01/2020;11;30;5
Thursday;16/01/2020;12;0;7
Thursday;16/01/2020;12;30;2
Thursday;16/01/2020;13;0;2
Thursday;16/01/2020;13;30;1
Thursday;16/01/2020;14;0;3
Thursday;16/01/2020;14;30;1
Thursday;16/01/2020;15;0;2
Thursday;16/01/2020;16;0;3
Thursday;16/01/2020;17;0;1
Thursday;16/01/2020;17;30;2
Thursday;16/01/2020;18;0;3
Thursday;16/01/2020;18;30;1
Friday;17/01/2020;6;0;54
Friday;17/01/2020;6;30;36
Friday;17/01/2020;7;0;11
Friday;17/01/2020;7;30;5
Friday;17/01/2020;8;0;2
Friday;17/01/2020;8;30;4
Friday;17/01/2020;9;0;5
Friday;17/01/2020;9;30;19
Friday;17/01/2020;10;0;4
Friday;17/01/2020;10;30;15
Friday;17/01/2020;11;0;6
Friday;17/01/2020;11;30;2
Friday;17/01/2020;12;0;2
Friday;17/01/2020;12;30;3
Friday;17/01/2020;13;30;1
Friday;17/01/2020;14;0;2
Friday;17/01/2020;15;30;2
Friday;17/01/2020;16;0;1
Friday;17/01/2020;16;30;1
Friday;17/01/2020;17;0;2
Friday;17/01/2020;17;30;2
Saturday;18/01/2020;9;0;63
Saturday;18/01/2020;9;30;17
Saturday;18/01/2020;10;0;16
Saturday;18/01/2020;10;30;26
Saturday;18/01/2020;11;0;14
Saturday;18/01/2020;11;30;8
Saturday;18/01/2020;12;0;11
Saturday;18/01/2020;12;30;5
Saturday;18/01/2020;13;0;2
Saturday;18/01/2020;13;30;5
Saturday;18/01/2020;14;30;1
Saturday;18/01/2020;15;0;1
Saturday;18/01/2020;15;30;2
Saturday;18/01/2020;16;0;1
Saturday;18/01/2020;16;30;2
Monday;20/01/2020;6;0;58
Monday;20/01/2020;6;30;11
Monday;20/01/2020;7;0;12
Monday;20/01/2020;7;30;2
Monday;20/01/2020;8;0;2
Monday;20/01/2020;8;30;4
Monday;20/01/2020;9;0;14
Monday;20/01/2020;9;30;20
Monday;20/01/2020;10;0;7
Monday;20/01/2020;10;30;6
Monday;20/01/2020;11;0;5
Monday;20/01/2020;12;0;2
Monday;20/01/2020;12;30;1
Monday;20/01/2020;13;0;1
Monday;20/01/2020;13;30;2
Monday;20/01/2020;14;0;1
Monday;20/01/2020;14;30;2
Monday;20/01/2020;15;30;2
Monday;20/01/2020;16;30;1
Monday;20/01/2020;17;0;4
Monday;20/01/2020;17;30;1
Tuesday;21/01/2020;6;0;56
Tuesday;21/01/2020;6;30;37
Tuesday;21/01/2020;7;0;11
Tuesday;21/01/2020;7;30;23
Tuesday;21/01/2020;8;0;11
Tuesday;21/01/2020;8;30;6
Tuesday;21/01/2020;9;0;17
Tuesday;21/01/2020;9;30;33
Tuesday;21/01/2020;10;0;14
Tuesday;21/01/2020;10;30;5
Tuesday;21/01/2020;11;0;6
Tuesday;21/01/2020;12;0;3
Tuesday;21/01/2020;12;30;2
Tuesday;21/01/2020;13;0;3
Tuesday;21/01/2020;13;30;1
Tuesday;21/01/2020;14;30;3
Tuesday;21/01/2020;15;0;2
Tuesday;21/01/2020;15;30;3
Tuesday;21/01/2020;16;0;1
Tuesday;21/01/2020;16;30;3
Tuesday;21/01/2020;17;0;1
Tuesday;21/01/2020;17;30;3
Tuesday;21/01/2020;18;0;1
Tuesday;21/01/2020;18;30;1
Wednesday;22/01/2020;6;0;91
Wednesday;22/01/2020;6;30;14
Wednesday;22/01/2020;7;0;24
Wednesday;22/01/2020;7;30;7
Wednesday;22/01/2020;8;0;10
Wednesday;22/01/2020;8;30;9
Wednesday;22/01/2020;9;0;11
Wednesday;22/01/2020;9;30;12
Wednesday;22/01/2020;10;0;8
Wednesday;22/01/2020;10;30;8
Wednesday;22/01/2020;11;0;58
Wednesday;22/01/2020;11;30;17
Wednesday;22/01/2020;12;0;11
Wednesday;22/01/2020;12;30;7
Wednesday;22/01/2020;13;0;8
Wednesday;22/01/2020;13;30;4
Wednesday;22/01/2020;14;30;2
Wednesday;22/01/2020;15;0;3
Wednesday;22/01/2020;15;30;1
Wednesday;22/01/2020;16;0;3
Wednesday;22/01/2020;17;0;2
Wednesday;22/01/2020;18;0;3
Thursday;23/01/2020;6;30;62
Thursday;23/01/2020;7;0;33
Thursday;23/01/2020;7;30;8
Thursday;23/01/2020;8;0;31
Thursday;23/01/2020;8;30;10
Thursday;23/01/2020;9;0;12
Thursday;23/01/2020;9;30;5
Thursday;23/01/2020;10;0;21
Thursday;23/01/2020;10;30;38
Thursday;23/01/2020;11;0;13
Thursday;23/01/2020;11;30;13
Thursday;23/01/2020;12;0;6
Thursday;23/01/2020;12;30;4
Thursday;23/01/2020;13;0;5
Thursday;23/01/2020;13;30;2
Thursday;23/01/2020;14;0;3
Thursday;23/01/2020;14;30;3
Thursday;23/01/2020;15;0;2
Thursday;23/01/2020;16;0;3
Thursday;23/01/2020;16;30;1
Thursday;23/01/2020;17;0;4
Thursday;23/01/2020;17;30;2
Thursday;23/01/2020;18;0;2
Thursday;23/01/2020;19;0;2
Friday;24/01/2020;6;0;55
Friday;24/01/2020;6;30;4
Friday;24/01/2020;7;0;2
Friday;24/01/2020;7;30;4
Friday;24/01/2020;8;0;23
Friday;24/01/2020;8;30;5
Friday;24/01/2020;9;0;5
Friday;24/01/2020;9;30;1
Friday;24/01/2020;10;0;13
Friday;24/01/2020;10;30;9
Friday;24/01/2020;11;0;16
Friday;24/01/2020;11;30;6
Friday;24/01/2020;12;0;5
Friday;24/01/2020;12;30;1
Friday;24/01/2020;15;30;1
Friday;24/01/2020;17;0;2
Friday;24/01/2020;17;30;2
Friday;24/01/2020;18;0;3
Friday;24/01/2020;18;30;2
Friday;24/01/2020;19;0;1
Friday;24/01/2020;19;30;1
Saturday;25/01/2020;9;0;23
Saturday;25/01/2020;9;30;18
Saturday;25/01/2020;10;0;2
Saturday;25/01/2020;10;30;5
Saturday;25/01/2020;11;0;37
Saturday;25/01/2020;11;30;15
Saturday;25/01/2020;12;0;17
Saturday;25/01/2020;12;30;24
Saturday;25/01/2020;13;0;20
Saturday;25/01/2020;13;30;10
Saturday;25/01/2020;14;0;18
Saturday;25/01/2020;14;30;4
Saturday;25/01/2020;15;0;3
Saturday;25/01/2020;15;30;2
Saturday;25/01/2020;16;0;4
Saturday;25/01/2020;16;30;6
Saturday;25/01/2020;17;0;1
Monday;27/01/2020;6;0;16
Monday;27/01/2020;6;30;91
Monday;27/01/2020;7;0;12
Monday;27/01/2020;7;30;41
Monday;27/01/2020;8;0;21
Monday;27/01/2020;8;30;5
Monday;27/01/2020;9;0;1
Monday;27/01/2020;9;30;3
Monday;27/01/2020;10;0;8
Monday;27/01/2020;10;30;25
Monday;27/01/2020;11;0;8
Monday;27/01/2020;11;30;29
Monday;27/01/2020;12;0;12
Monday;27/01/2020;12;30;6
Monday;27/01/2020;13;0;3
Monday;27/01/2020;13;30;2
Monday;27/01/2020;15;0;2
Monday;27/01/2020;16;0;4
Monday;27/01/2020;16;30;4
Monday;27/01/2020;17;0;1
Monday;27/01/2020;17;30;2
Monday;27/01/2020;18;0;2
Monday;27/01/2020;18;30;1
Tuesday;28/01/2020;6;0;11
Tuesday;28/01/2020;6;30;28
Tuesday;28/01/2020;7;0;16
Tuesday;28/01/2020;7;30;4
Tuesday;28/01/2020;8;0;7
Tuesday;28/01/2020;8;30;21
Tuesday;28/01/2020;9;0;27
Tuesday;28/01/2020;9;30;15
Tuesday;28/01/2020;10;0;1
Tuesday;28/01/2020;10;30;27
Tuesday;28/01/2020;11;0;56
Tuesday;28/01/2020;11;30;17
Tuesday;28/01/2020;12;0;18
Tuesday;28/01/2020;12;30;22
Tuesday;28/01/2020;13;0;14
Tuesday;28/01/2020;13;30;7
Tuesday;28/01/2020;14;0;6
Tuesday;28/01/2020;14;30;5
Tuesday;28/01/2020;15;0;7
Tuesday;28/01/2020;15;30;5
Tuesday;28/01/2020;16;0;4
Tuesday;28/01/2020;17;0;1
Tuesday;28/01/2020;17;30;2
Tuesday;28/01/2020;18;0;4
Tuesday;28/01/2020;18;30;1
Wednesday;29/01/2020;6;0;15
Wednesday;29/01/2020;6;30;19
Wednesday;29/01/2020;7;0;89
Wednesday;29/01/2020;7;30;16
Wednesday;29/01/2020;8;0;26
Wednesday;29/01/2020;8;30;9
Wednesday;29/01/2020;9;0;28
Wednesday;29/01/2020;9;30;9
Wednesday;29/01/2020;10;0;7
Wednesday;29/01/2020;10;30;3
Wednesday;29/01/2020;11;0;8
Wednesday;29/01/2020;11;30;6
Wednesday;29/01/2020;12;0;4
Wednesday;29/01/2020;12;30;1
Wednesday;29/01/2020;13;0;1
Wednesday;29/01/2020;14;0;1
Wednesday;29/01/2020;14;30;4
Wednesday;29/01/2020;15;0;5
Wednesday;29/01/2020;15;30;1
Wednesday;29/01/2020;16;0;4
Wednesday;29/01/2020;16;30;1
Wednesday;29/01/2020;17;0;2
Wednesday;29/01/2020;17;30;2
Thursday;30/01/2020;6;30;26
Thursday;30/01/2020;7;0;92
Thursday;30/01/2020;7;30;22
Thursday;30/01/2020;8;0;24
Thursday;30/01/2020;8;30;6
Thursday;30/01/2020;9;0;2
Thursday;30/01/2020;9;30;5
Thursday;30/01/2020;10;0;3
Thursday;30/01/2020;10;30;9
Thursday;30/01/2020;11;0;9
Thursday;30/01/2020;11;30;5
Thursday;30/01/2020;12;0;1
Thursday;30/01/2020;13;0;1
Thursday;30/01/2020;13;30;3
Thursday;30/01/2020;14;0;6
Thursday;30/01/2020;15;0;1
Thursday;30/01/2020;15;30;1
Thursday;30/01/2020;16;0;1
Thursday;30/01/2020;17;30;1
Friday;31/01/2020;6;0;10
Friday;31/01/2020;6;30;19
Friday;31/01/2020;7;0;79
Friday;31/01/2020;7;30;13
Friday;31/01/2020;8;0;11
Friday;31/01/2020;8;30;18
Friday;31/01/2020;9;0;19
Friday;31/01/2020;9;30;14
Friday;31/01/2020;10;0;6
Friday;31/01/2020;10;30;2
Friday;31/01/2020;11;30;3
Friday;31/01/2020;12;30;3
Friday;31/01/2020;13;0;3
Friday;31/01/2020;13;30;5
Friday;31/01/2020;14;30;3
Friday;31/01/2020;16;30;1
Friday;31/01/2020;17;0;1
Friday;31/01/2020;17;30;1
Friday;31/01/2020;18;0;1
Saturday;01/02/2020;9;0;24
Saturday;01/02/2020;9;30;2
Saturday;01/02/2020;10;0;6
Saturday;01/02/2020;10;30;59
Saturday;01/02/2020;11;0;29
Saturday;01/02/2020;11;30;25
Saturday;01/02/2020;12;0;11
Saturday;01/02/2020;12;30;6
Saturday;01/02/2020;13;0;7
Saturday;01/02/2020;13;30;7
Saturday;01/02/2020;14;0;7
Saturday;01/02/2020;14;30;4
Saturday;01/02/2020;15;0;2
Saturday;01/02/2020;15;30;2
Monday;03/02/2020;6;0;13
Monday;03/02/2020;6;30;8
Monday;03/02/2020;7;0;1
Monday;03/02/2020;7;30;55
Monday;03/02/2020;8;0;8
Monday;03/02/2020;8;30;12
Monday;03/02/2020;9;0;17
Monday;03/02/2020;9;30;12
Monday;03/02/2020;10;0;10
Monday;03/02/2020;10;30;7
Monday;03/02/2020;11;0;5
Monday;03/02/2020;11;30;6
Monday;03/02/2020;12;0;1
Monday;03/02/2020;12;30;4
Monday;03/02/2020;13;0;1
Monday;03/02/2020;13;30;2
Monday;03/02/2020;14;0;1
Monday;03/02/2020;14;30;1
Monday;03/02/2020;15;30;1
Monday;03/02/2020;16;0;1
Monday;03/02/2020;16;30;1
Tuesday;04/02/2020;6;30;19
Tuesday;04/02/2020;7;0;80
Tuesday;04/02/2020;7;30;14
Tuesday;04/02/2020;8;0;13
Tuesday;04/02/2020;8;30;20
Tuesday;04/02/2020;9;0;28
Tuesday;04/02/2020;9;30;35
Tuesday;04/02/2020;10;0;15
Tuesday;04/02/2020;10;30;24
Tuesday;04/02/2020;11;0;11
Tuesday;04/02/2020;11;30;15
Tuesday;04/02/2020;12;0;10
Tuesday;04/02/2020;12;30;9
Tuesday;04/02/2020;13;0;4
Tuesday;04/02/2020;13;30;6
Tuesday;04/02/2020;14;0;4
Tuesday;04/02/2020;14;30;4
Tuesday;04/02/2020;15;0;5
Tuesday;04/02/2020;16;0;4
Tuesday;04/02/2020;16;30;2
Tuesday;04/02/2020;17;30;1
Wednesday;05/02/2020;6;0;11
Wednesday;05/02/2020;6;30;42
Wednesday;05/02/2020;7;0;9
Wednesday;05/02/2020;7;30;75
Wednesday;05/02/2020;8;0;9
Wednesday;05/02/2020;8;30;8
Wednesday;05/02/2020;9;0;17
Wednesday;05/02/2020;9;30;40
Wednesday;05/02/2020;10;0;19
Wednesday;05/02/2020;10;30;29
Wednesday;05/02/2020;11;0;16
Wednesday;05/02/2020;11;30;19
Wednesday;05/02/2020;12;0;48
Wednesday;05/02/2020;12;30;22
Wednesday;05/02/2020;13;0;19
Wednesday;05/02/2020;13;30;12
Wednesday;05/02/2020;14;0;8
Wednesday;05/02/2020;14;30;18
Wednesday;05/02/2020;15;0;11
Wednesday;05/02/2020;15;30;8
Wednesday;05/02/2020;16;0;4
Wednesday;05/02/2020;16;30;3
Wednesday;05/02/2020;18;0;1
Wednesday;05/02/2020;18;30;1
Thursday;06/02/2020;6;0;5
Thursday;06/02/2020;6;30;19
Thursday;06/02/2020;7;0;71
Thursday;06/02/2020;7;30;68
Thursday;06/02/2020;8;0;28
Thursday;06/02/2020;8;30;13
Thursday;06/02/2020;9;0;41
Thursday;06/02/2020;9;30;32
Thursday;06/02/2020;10;0;15
Thursday;06/02/2020;10;30;31
Thursday;06/02/2020;11;0;15
Thursday;06/02/2020;11;30;19
Thursday;06/02/2020;12;0;14
Thursday;06/02/2020;12;30;20
Thursday;06/02/2020;13;0;18
Thursday;06/02/2020;13;30;4
Thursday;06/02/2020;14;0;8
Thursday;06/02/2020;14;30;4
Thursday;06/02/2020;15;0;4
Thursday;06/02/2020;15;30;1
Thursday;06/02/2020;16;0;2
Thursday;06/02/2020;16;30;2
Thursday;06/02/2020;17;30;1
Friday;07/02/2020;6;30;42
Friday;07/02/2020;7;0;74
Friday;07/02/2020;7;30;33
Friday;07/02/2020;8;0;19
Friday;07/02/2020;8;30;16
Friday;07/02/2020;9;0;43
Friday;07/02/2020;9;30;30
Friday;07/02/2020;10;0;44
Friday;07/02/2020;10;30;23
Friday;07/02/2020;11;0;21
Friday;07/02/2020;11;30;11
Friday;07/02/2020;12;0;21
Friday;07/02/2020;12;30;16
Friday;07/02/2020;13;0;4
Friday;07/02/2020;13;30;12
Friday;07/02/2020;14;0;12
Friday;07/02/2020;14;30;9
Friday;07/02/2020;15;0;6
Friday;07/02/2020;15;30;2
Friday;07/02/2020;16;0;1
Friday;07/02/2020;16;30;2
Friday;07/02/2020;17;0;1
Monday;10/02/2020;9;0;4
Monday;10/02/2020;9;30;17
Monday;10/02/2020;10;0;5
Monday;10/02/2020;10;30;15
Monday;10/02/2020;11;0;9
Monday;10/02/2020;11;30;7
Monday;10/02/2020;12;0;5
Monday;10/02/2020;12;30;11
Monday;10/02/2020;13;0;8
Monday;10/02/2020;13;30;17
Monday;10/02/2020;14;0;13
Monday;10/02/2020;14;30;13
Monday;10/02/2020;15;0;7
Monday;10/02/2020;15;30;8
Monday;10/02/2020;16;0;13
Monday;10/02/2020;16;30;8
Monday;10/02/2020;17;0;14
Monday;10/02/2020;17;30;12
Monday;10/02/2020;18;0;22
Monday;10/02/2020;18;30;6
Monday;10/02/2020;19;0;5
Monday;10/02/2020;19;30;1
Monday;10/02/2020;20;0;2
Monday;10/02/2020;20;30;2
Monday;10/02/2020;21;0;1
Monday;10/02/2020;22;30;1
Tuesday;11/02/2020;5;30;25
Tuesday;11/02/2020;6;0;8
Tuesday;11/02/2020;6;30;31
Tuesday;11/02/2020;7;0;22
Tuesday;11/02/2020;7;30;29
Tuesday;11/02/2020;8;0;21
Tuesday;11/02/2020;8;30;18
Tuesday;11/02/2020;9;0;16
Tuesday;11/02/2020;9;30;20
Tuesday;11/02/2020;10;0;19
Tuesday;11/02/2020;10;30;9
Tuesday;11/02/2020;11;0;1
Tuesday;11/02/2020;11;30;5
Tuesday;11/02/2020;12;0;18
Tuesday;11/02/2020;12;30;13
Tuesday;11/02/2020;13;0;22
Tuesday;11/02/2020;13;30;28
Tuesday;11/02/2020;14;0;18
Tuesday;11/02/2020;14;30;27
Tuesday;11/02/2020;15;0;20
Tuesday;11/02/2020;15;30;14
Tuesday;11/02/2020;16;0;40
Tuesday;11/02/2020;16;30;18
Tuesday;11/02/2020;17;0;19
Tuesday;11/02/2020;17;30;10
Tuesday;11/02/2020;18;0;16
Tuesday;11/02/2020;18;30;9
Tuesday;11/02/2020;19;0;13
Tuesday;11/02/2020;19;30;6
Tuesday;11/02/2020;20;0;3
Wednesday;12/02/2020;6;0;38
Wednesday;12/02/2020;6;30;18
Wednesday;12/02/2020;7;0;29
Wednesday;12/02/2020;7;30;19
Wednesday;12/02/2020;8;0;28
Wednesday;12/02/2020;8;30;47
Wednesday;12/02/2020;9;0;34
Wednesday;12/02/2020;9;30;21
Wednesday;12/02/2020;10;0;15
Wednesday;12/02/2020;10;30;15
Wednesday;12/02/2020;11;0;27
Wednesday;12/02/2020;11;30;39
Wednesday;12/02/2020;12;0;24
Wednesday;12/02/2020;12;30;30
Wednesday;12/02/2020;13;0;22
Wednesday;12/02/2020;13;30;16
Wednesday;12/02/2020;14;0;19
Wednesday;12/02/2020;14;30;18
Wednesday;12/02/2020;15;0;18
Wednesday;12/02/2020;15;30;16
Wednesday;12/02/2020;16;0;16
Wednesday;12/02/2020;16;30;9
Wednesday;12/02/2020;17;0;4
Wednesday;12/02/2020;17;30;4
Wednesday;12/02/2020;18;0;6
Wednesday;12/02/2020;18;30;4
Thursday;13/02/2020;6;0;88
Thursday;13/02/2020;6;30;32
Thursday;13/02/2020;7;0;40
Thursday;13/02/2020;7;30;38
Thursday;13/02/2020;8;0;18
Thursday;13/02/2020;8;30;36
Thursday;13/02/2020;9;0;18
Thursday;13/02/2020;9;30;53
Thursday;13/02/2020;10;0;25
Thursday;13/02/2020;10;30;25
Thursday;13/02/2020;11;0;46
Thursday;13/02/2020;11;30;19
Thursday;13/02/2020;12;0;16
Thursday;13/02/2020;12;30;21
Thursday;13/02/2020;13;0;21
Thursday;13/02/2020;13;30;17
Thursday;13/02/2020;14;0;3
Thursday;13/02/2020;14;30;6
Thursday;13/02/2020;15;0;3
Thursday;13/02/2020;15;30;7
Thursday;13/02/2020;16;0;8
Thursday;13/02/2020;16;30;1
Thursday;13/02/2020;17;0;1
Thursday;13/02/2020;17;30;6
Thursday;13/02/2020;18;0;2
Friday;14/02/2020;6;0;58
Friday;14/02/2020;6;30;39
Friday;14/02/2020;7;0;15
Friday;14/02/2020;7;30;55
Friday;14/02/2020;8;0;13
Friday;14/02/2020;8;30;22
Friday;14/02/2020;9;0;38
Friday;14/02/2020;9;30;29
Friday;14/02/2020;10;0;26
Friday;14/02/2020;10;30;31
Friday;14/02/2020;11;0;15
Friday;14/02/2020;11;30;29
Friday;14/02/2020;12;0;16
Friday;14/02/2020;12;30;10
Friday;14/02/2020;13;0;8
Friday;14/02/2020;13;30;6
Friday;14/02/2020;14;0;5
Friday;14/02/2020;14;30;1
Friday;14/02/2020;15;0;3
Friday;14/02/2020;15;30;8
Friday;14/02/2020;16;0;4
Friday;14/02/2020;16;30;3
Friday;14/02/2020;17;0;3
Monday;17/02/2020;6;0;70
Monday;17/02/2020;6;30;28
Monday;17/02/2020;7;0;11
Monday;17/02/2020;7;30;21
Monday;17/02/2020;8;0;69
Monday;17/02/2020;8;30;15
Monday;17/02/2020;9;0;24
Monday;17/02/2020;9;30;14
Monday;17/02/2020;10;0;30
Monday;17/02/2020;10;30;23
Monday;17/02/2020;11;0;39
Monday;17/02/2020;11;30;20
Monday;17/02/2020;12;0;46
Monday;17/02/2020;12;30;23
Monday;17/02/2020;13;0;15
Monday;17/02/2020;13;30;15
Monday;17/02/2020;14;0;12
Monday;17/02/2020;14;30;6
Monday;17/02/2020;15;0;6
Monday;17/02/2020;15;30;9
Monday;17/02/2020;16;0;5
Monday;17/02/2020;16;30;1
Monday;17/02/2020;17;0;3
Monday;17/02/2020;17;30;2
Monday;17/02/2020;18;0;1
Tuesday;18/02/2020;6;0;13
Tuesday;18/02/2020;6;30;91
Tuesday;18/02/2020;7;0;47
Tuesday;18/02/2020;7;30;40
Tuesday;18/02/2020;8;0;9
Tuesday;18/02/2020;8;30;3
Tuesday;18/02/2020;9;30;36
Tuesday;18/02/2020;10;0;27
Tuesday;18/02/2020;10;30;20
Tuesday;18/02/2020;11;0;27
Tuesday;18/02/2020;11;30;25
Tuesday;18/02/2020;12;0;26
Tuesday;18/02/2020;12;30;17
Tuesday;18/02/2020;13;0;21
Tuesday;18/02/2020;13;30;38
Tuesday;18/02/2020;14;0;12
Tuesday;18/02/2020;14;30;23
Tuesday;18/02/2020;15;0;13
Tuesday;18/02/2020;15;30;20
Tuesday;18/02/2020;16;0;12
Tuesday;18/02/2020;16;30;13
Tuesday;18/02/2020;17;0;6
Tuesday;18/02/2020;17;30;5
Tuesday;18/02/2020;18;0;2
Tuesday;18/02/2020;18;30;1
Wednesday;19/02/2020;6;0;25
Wednesday;19/02/2020;6;30;25
Wednesday;19/02/2020;7;0;19
Wednesday;19/02/2020;7;30;56
Wednesday;19/02/2020;8;0;46
Wednesday;19/02/2020;8;30;21
Wednesday;19/02/2020;9;0;21
Wednesday;19/02/2020;9;30;12
Wednesday;19/02/2020;10;0;37
Wednesday;19/02/2020;10;30;10
Wednesday;19/02/2020;11;0;29
Wednesday;19/02/2020;11;30;39
Wednesday;19/02/2020;12;0;14
Wednesday;19/02/2020;12;30;21
Wednesday;19/02/2020;13;0;27
Wednesday;19/02/2020;13;30;9
Wednesday;19/02/2020;14;0;9
Wednesday;19/02/2020;14;30;7
Wednesday;19/02/2020;15;0;2
Wednesday;19/02/2020;15;30;6
Wednesday;19/02/2020;16;0;6
Wednesday;19/02/2020;16;30;2
Wednesday;19/02/2020;17;0;3
Wednesday;19/02/2020;17;30;2
Wednesday;19/02/2020;18;0;2
Thursday;20/02/2020;6;0;1
Thursday;20/02/2020;6;30;63
Thursday;20/02/2020;7;0;48
Thursday;20/02/2020;7;30;38
Thursday;20/02/2020;8;0;31
Thursday;20/02/2020;8;30;45
Thursday;20/02/2020;9;0;20
Thursday;20/02/2020;9;30;32
Thursday;20/02/2020;10;0;15
Thursday;20/02/2020;10;30;50
Thursday;20/02/2020;11;0;20
Thursday;20/02/2020;11;30;34
Thursday;20/02/2020;12;0;24
Thursday;20/02/2020;12;30;22
Thursday;20/02/2020;13;0;7
Thursday;20/02/2020;13;30;13
Thursday;20/02/2020;14;0;14
Thursday;20/02/2020;14;30;5
Thursday;20/02/2020;15;0;8
Thursday;20/02/2020;15;30;5
Thursday;20/02/2020;16;0;4
Thursday;20/02/2020;16;30;4
Thursday;20/02/2020;17;0;3
Thursday;20/02/2020;17;30;2
Thursday;20/02/2020;18;0;1
Friday;21/02/2020;6;0;19
Friday;21/02/2020;6;30;23
Friday;21/02/2020;7;0;30
Friday;21/02/2020;7;30;10
Friday;21/02/2020;8;0;15
Friday;21/02/2020;8;30;15
Friday;21/02/2020;9;0;37
Friday;21/02/2020;9;30;10
Friday;21/02/2020;10;0;27
Friday;21/02/2020;10;30;15
Friday;21/02/2020;11;0;11
Friday;21/02/2020;11;30;25
Friday;21/02/2020;12;0;10
Friday;21/02/2020;12;30;11
Friday;21/02/2020;13;0;11
Friday;21/02/2020;13;30;16
Friday;21/02/2020;14;0;13
Friday;21/02/2020;14;30;6
Friday;21/02/2020;15;0;3
Friday;21/02/2020;15;30;15
Friday;21/02/2020;16;0;10
Friday;21/02/2020;16;30;2
Friday;21/02/2020;17;0;9
Friday;21/02/2020;17;30;28
Friday;21/02/2020;18;0;13
Friday;21/02/2020;18;30;9
Friday;21/02/2020;19;0;1
Friday;21/02/2020;19;30;1
Friday;21/02/2020;20;0;1
Monday;24/02/2020;6;30;49
Monday;24/02/2020;7;0;14
Monday;24/02/2020;7;30;34
Monday;24/02/2020;8;0;11
Monday;24/02/2020;8;30;25
Monday;24/02/2020;9;0;47
Monday;24/02/2020;9;30;49
Monday;24/02/2020;10;0;36
Monday;24/02/2020;10;30;35
Monday;24/02/2020;11;0;28
Monday;24/02/2020;11;30;30
Monday;24/02/2020;12;0;33
Monday;24/02/2020;12;30;20
Monday;24/02/2020;13;0;10
Monday;24/02/2020;13;30;20
Monday;24/02/2020;14;0;9
Monday;24/02/2020;14;30;9
Monday;24/02/2020;15;0;9
Monday;24/02/2020;15;30;3
Monday;24/02/2020;16;0;5
Monday;24/02/2020;17;30;1
Monday;24/02/2020;18;0;1
Wednesday;26/02/2020;6;0;8
Wednesday;26/02/2020;6;30;40
Wednesday;26/02/2020;7;0;15
Wednesday;26/02/2020;7;30;22
Wednesday;26/02/2020;8;0;31
Wednesday;26/02/2020;8;30;18
Wednesday;26/02/2020;9;0;28
Wednesday;26/02/2020;9;30;13
Wednesday;26/02/2020;10;0;17
Wednesday;26/02/2020;10;30;17
Wednesday;26/02/2020;11;0;11
Wednesday;26/02/2020;11;30;7
Wednesday;26/02/2020;12;0;13
Wednesday;26/02/2020;12;30;11
Wednesday;26/02/2020;13;0;12
Wednesday;26/02/2020;13;30;7
Wednesday;26/02/2020;14;0;8
Wednesday;26/02/2020;14;30;2
Wednesday;26/02/2020;15;0;5
Wednesday;26/02/2020;15;30;4
Wednesday;26/02/2020;16;0;6
Wednesday;26/02/2020;16;30;4
Wednesday;26/02/2020;17;0;3
Wednesday;26/02/2020;18;0;3
Thursday;27/02/2020;6;0;6
Thursday;27/02/2020;6;30;65
Thursday;27/02/2020;7;0;12
Thursday;27/02/2020;7;30;20
Thursday;27/02/2020;8;0;29
Thursday;27/02/2020;8;30;20
Thursday;27/02/2020;9;0;11
Thursday;27/02/2020;9;30;41
Thursday;27/02/2020;10;0;27
Thursday;27/02/2020;10;30;15
Thursday;27/02/2020;11;0;10
Thursday;27/02/2020;11;30;45
Thursday;27/02/2020;12;0;18
Thursday;27/02/2020;12;30;24
Thursday;27/02/2020;13;0;17
Thursday;27/02/2020;13;30;9
Thursday;27/02/2020;14;0;12
Thursday;27/02/2020;14;30;19
Thursday;27/02/2020;15;0;13
Thursday;27/02/2020;15;30;8
Thursday;27/02/2020;16;0;11
Thursday;27/02/2020;16;30;7
Thursday;27/02/2020;17;0;6
Thursday;27/02/2020;18;0;1
Friday;28/02/2020;6;0;14
Friday;28/02/2020;6;30;51
Friday;28/02/2020;7;0;5
Friday;28/02/2020;7;30;62
Friday;28/02/2020;8;0;14
Friday;28/02/2020;8;30;19
Friday;28/02/2020;9;0;22
Friday;28/02/2020;9;30;54
Friday;28/02/2020;10;0;15
Friday;28/02/2020;10;30;28
Friday;28/02/2020;11;0;30
Friday;28/02/2020;11;30;12
Friday;28/02/2020;12;0;17
Friday;28/02/2020;12;30;13
Friday;28/02/2020;13;0;11
Friday;28/02/2020;13;30;8
Friday;28/02/2020;14;0;5
Friday;28/02/2020;14;30;5
Friday;28/02/2020;15;0;3
Friday;28/02/2020;15;30;7
Friday;28/02/2020;16;0;4
Friday;28/02/2020;16;30;3
Friday;28/02/2020;17;0;9
Monday;02/03/2020;5;30;24
Monday;02/03/2020;6;0;77
Monday;02/03/2020;6;30;40
Monday;02/03/2020;7;0;57
Monday;02/03/2020;7;30;31
Monday;02/03/2020;8;0;19
Monday;02/03/2020;8;30;17
Monday;02/03/2020;9;0;53
Monday;02/03/2020;9;30;25
Monday;02/03/2020;10;0;7
Monday;02/03/2020;10;30;35
Monday;02/03/2020;11;0;33
Monday;02/03/2020;11;30;28
Monday;02/03/2020;12;0;31
Monday;02/03/2020;12;30;24
Monday;02/03/2020;13;0;27
Monday;02/03/2020;13;30;27
Monday;02/03/2020;14;0;22
Monday;02/03/2020;14;30;10
Monday;02/03/2020;15;0;10
Monday;02/03/2020;15;30;3
Monday;02/03/2020;16;0;5
Monday;02/03/2020;16;30;2
Monday;02/03/2020;17;0;13
Monday;02/03/2020;17;30;3
Monday;02/03/2020;18;0;2
Tuesday;03/03/2020;6;0;70
Tuesday;03/03/2020;6;30;23
Tuesday;03/03/2020;7;0;2
Tuesday;03/03/2020;7;30;6
Tuesday;03/03/2020;8;0;44
Tuesday;03/03/2020;8;30;21
Tuesday;03/03/2020;9;0;24
Tuesday;03/03/2020;9;30;50
Tuesday;03/03/2020;10;0;26
Tuesday;03/03/2020;10;30;38
Tuesday;03/03/2020;11;0;15
Tuesday;03/03/2020;11;30;22
Tuesday;03/03/2020;12;0;15
Tuesday;03/03/2020;12;30;11
Tuesday;03/03/2020;13;0;9
Tuesday;03/03/2020;13;30;7
Tuesday;03/03/2020;14;0;9
Tuesday;03/03/2020;14;30;9
Tuesday;03/03/2020;15;0;5
Tuesday;03/03/2020;15;30;2
Tuesday;03/03/2020;16;0;7
Tuesday;03/03/2020;16;30;2
Tuesday;03/03/2020;17;0;5
Tuesday;03/03/2020;17;30;1
Tuesday;03/03/2020;18;0;1
Wednesday;04/03/2020;6;0;64
Wednesday;04/03/2020;6;30;6
Wednesday;04/03/2020;7;0;18
Wednesday;04/03/2020;7;30;34
Wednesday;04/03/2020;8;0;41
Wednesday;04/03/2020;8;30;44
Wednesday;04/03/2020;9;0;49
Wednesday;04/03/2020;9;30;20
Wednesday;04/03/2020;10;0;26
Wednesday;04/03/2020;10;30;34
Wednesday;04/03/2020;11;0;25
Wednesday;04/03/2020;11;30;29
Wednesday;04/03/2020;12;0;17
Wednesday;04/03/2020;12;30;25
Wednesday;04/03/2020;13;0;21
Wednesday;04/03/2020;13;30;4
Wednesday;04/03/2020;14;0;6
Wednesday;04/03/2020;14;30;1
Wednesday;04/03/2020;15;0;4
Wednesday;04/03/2020;15;30;3
Wednesday;04/03/2020;16;0;3
Wednesday;04/03/2020;16;30;2
Wednesday;04/03/2020;17;0;1
Wednesday;04/03/2020;17;30;1
Wednesday;04/03/2020;18;0;3
Thursday;05/03/2020;6;0;64
Thursday;05/03/2020;6;30;29
Thursday;05/03/2020;7;0;6
Thursday;05/03/2020;7;30;35
Thursday;05/03/2020;8;0;28
Thursday;05/03/2020;8;30;8
Thursday;05/03/2020;9;0;43
Thursday;05/03/2020;9;30;16
Thursday;05/03/2020;10;0;18
Thursday;05/03/2020;10;30;4
Thursday;05/03/2020;11;0;12
Thursday;05/03/2020;11;30;6
Thursday;05/03/2020;12;0;3
Thursday;05/03/2020;12;30;7
Thursday;05/03/2020;13;0;3
Thursday;05/03/2020;13;30;8
Thursday;05/03/2020;14;0;5
Thursday;05/03/2020;14;30;2
Thursday;05/03/2020;15;0;1
Thursday;05/03/2020;15;30;3
Thursday;05/03/2020;16;0;3
Thursday;05/03/2020;17;0;2
Thursday;05/03/2020;17;30;2
Thursday;05/03/2020;18;0;5
Friday;06/03/2020;6;0;67
Friday;06/03/2020;6;30;25
Friday;06/03/2020;7;0;6
Friday;06/03/2020;7;30;44
Friday;06/03/2020;8;0;6
Friday;06/03/2020;8;30;35
Friday;06/03/2020;9;0;35
Friday;06/03/2020;9;30;17
Friday;06/03/2020;10;0;14
Friday;06/03/2020;10;30;14
Friday;06/03/2020;11;0;6
Friday;06/03/2020;11;30;5
Friday;06/03/2020;12;0;15
Friday;06/03/2020;12;30;6
Friday;06/03/2020;13;0;6
Friday;06/03/2020;13;30;1
Friday;06/03/2020;14;0;2
Friday;06/03/2020;14;30;4
Friday;06/03/2020;15;0;2
Friday;06/03/2020;15;30;2
Friday;06/03/2020;16;0;1
Monday;09/03/2020;6;0;93
Monday;09/03/2020;6;30;21
Monday;09/03/2020;7;0;8
Monday;09/03/2020;7;30;4
Monday;09/03/2020;8;0;65
Monday;09/03/2020;8;30;5
Monday;09/03/2020;9;0;20
Monday;09/03/2020;9;30;15
Monday;09/03/2020;10;0;7
Monday;09/03/2020;10;30;13
Monday;09/03/2020;11;0;20
Monday;09/03/2020;11;30;14
Monday;09/03/2020;12;0;13
Monday;09/03/2020;12;30;15
Monday;09/03/2020;13;0;7
Monday;09/03/2020;13;30;15
Monday;09/03/2020;14;0;4
Monday;09/03/2020;14;30;6
Monday;09/03/2020;15;0;7
Monday;09/03/2020;15;30;1
Monday;09/03/2020;16;0;4
Monday;09/03/2020;16;30;3
Monday;09/03/2020;17;0;6
Monday;09/03/2020;17;30;1
Monday;09/03/2020;18;0;1
Tuesday;10/03/2020;6;0;72
Tuesday;10/03/2020;6;30;15
Tuesday;10/03/2020;7;0;4
Tuesday;10/03/2020;7;30;5
Tuesday;10/03/2020;8;0;8
Tuesday;10/03/2020;8;30;11
Tuesday;10/03/2020;9;0;13
Tuesday;10/03/2020;9;30;52
Tuesday;10/03/2020;10;0;10
Tuesday;10/03/2020;10;30;6
Tuesday;10/03/2020;11;0;11
Tuesday;10/03/2020;11;30;3
Tuesday;10/03/2020;12;0;2
Tuesday;10/03/2020;12;30;1
Tuesday;10/03/2020;13;0;18
Tuesday;10/03/2020;13;30;15
Tuesday;10/03/2020;14;0;9
Tuesday;10/03/2020;14;30;5
Tuesday;10/03/2020;15;0;5
Tuesday;10/03/2020;15;30;1
Tuesday;10/03/2020;16;0;8
Tuesday;10/03/2020;16;30;3
Tuesday;10/03/2020;17;0;1
Tuesday;10/03/2020;17;30;1
Tuesday;10/03/2020;18;0;3
Wednesday;11/03/2020;6;0;91
Wednesday;11/03/2020;6;30;53
Wednesday;11/03/2020;7;0;14
Wednesday;11/03/2020;7;30;10
Wednesday;11/03/2020;8;0;20
Wednesday;11/03/2020;8;30;9
Wednesday;11/03/2020;9;0;102
Wednesday;11/03/2020;9;30;38
Wednesday;11/03/2020;10;0;20
Wednesday;11/03/2020;10;30;16
Wednesday;11/03/2020;11;0;39
Wednesday;11/03/2020;11;30;40
Wednesday;11/03/2020;12;0;15
Wednesday;11/03/2020;12;30;8
Wednesday;11/03/2020;13;0;5
Wednesday;11/03/2020;13;30;9
Wednesday;11/03/2020;14;0;12
Wednesday;11/03/2020;14;30;6
Wednesday;11/03/2020;15;0;1
Wednesday;11/03/2020;15;30;5
Wednesday;11/03/2020;16;0;12
Wednesday;11/03/2020;16;30;1
Wednesday;11/03/2020;17;0;4
Wednesday;11/03/2020;17;30;2
Wednesday;11/03/2020;18;0;3
Thursday;12/03/2020;6;0;72
Thursday;12/03/2020;6;30;38
Thursday;12/03/2020;7;0;23
Thursday;12/03/2020;7;30;1
Thursday;12/03/2020;8;0;48
Thursday;12/03/2020;8;30;42
Thursday;12/03/2020;9;0;54
Thursday;12/03/2020;9;30;38
Thursday;12/03/2020;10;0;58
Thursday;12/03/2020;10;30;12
Thursday;12/03/2020;11;0;13
Thursday;12/03/2020;11;30;56
Thursday;12/03/2020;12;0;14
Thursday;12/03/2020;12;30;17
Thursday;12/03/2020;13;0;10
Thursday;12/03/2020;13;30;9
Thursday;12/03/2020;14;0;11
Thursday;12/03/2020;14;30;5
Thursday;12/03/2020;15;0;5
Thursday;12/03/2020;15;30;2
Thursday;12/03/2020;16;0;7
Thursday;12/03/2020;16;30;6
Thursday;12/03/2020;17;0;1
Thursday;12/03/2020;17;30;4
Thursday;12/03/2020;18;0;2
Thursday;12/03/2020;18;30;1
Friday;13/03/2020;6;0;36
Friday;13/03/2020;6;30;69
Friday;13/03/2020;7;0;14
Friday;13/03/2020;7;30;10
Friday;13/03/2020;8;0;13
Friday;13/03/2020;8;30;60
Friday;13/03/2020;9;0;23
Friday;13/03/2020;9;30;20
Friday;13/03/2020;10;0;19
Friday;13/03/2020;10;30;42
Friday;13/03/2020;11;0;18
Friday;13/03/2020;11;30;13
Friday;13/03/2020;12;0;15
Friday;13/03/2020;12;30;11
Friday;13/03/2020;13;0;9
Friday;13/03/2020;13;30;2
Friday;13/03/2020;14;0;11
Friday;13/03/2020;14;30;2
Friday;13/03/2020;15;0;3
Friday;13/03/2020;15;30;2
Friday;13/03/2020;16;0;2
Friday;13/03/2020;16;30;5
Friday;13/03/2020;17;0;2
Friday;13/03/2020;17;30;4
Friday;13/03/2020;18;0;1
Monday;16/03/2020;6;0;141
Monday;16/03/2020;6;30;7
Monday;16/03/2020;7;0;13
Monday;16/03/2020;7;30;12
Monday;16/03/2020;8;0;30
Monday;16/03/2020;8;30;42
Monday;16/03/2020;9;0;66
Monday;16/03/2020;9;30;37
Monday;16/03/2020;10;0;34
Monday;16/03/2020;10;30;9
Monday;16/03/2020;11;0;9
Monday;16/03/2020;11;30;24
Monday;16/03/2020;12;0;10
Monday;16/03/2020;12;30;5
Monday;16/03/2020;13;0;32
Monday;16/03/2020;13;30;30
Monday;16/03/2020;14;0;19
Monday;16/03/2020;14;30;9
Monday;16/03/2020;15;0;7
Monday;16/03/2020;15;30;5
Monday;16/03/2020;16;0;5
Monday;16/03/2020;16;30;6
Monday;16/03/2020;17;0;4
Monday;16/03/2020;17;30;2
Monday;16/03/2020;18;0;2
Monday;16/03/2020;18;30;5
Monday;16/03/2020;19;0;1
Monday;16/03/2020;19;30;1
Monday;16/03/2020;20;0;1
Tuesday;17/03/2020;5;0;1
Tuesday;17/03/2020;6;0;10
Tuesday;17/03/2020;6;30;103
Tuesday;17/03/2020;7;0;9
Tuesday;17/03/2020;7;30;7
Tuesday;17/03/2020;8;0;10
Tuesday;17/03/2020;8;30;9
Tuesday;17/03/2020;9;0;48
Tuesday;17/03/2020;9;30;59
Tuesday;17/03/2020;10;0;29
Tuesday;17/03/2020;10;30;50
Tuesday;17/03/2020;11;0;17
Tuesday;17/03/2020;11;30;16
Tuesday;17/03/2020;12;0;9
Tuesday;17/03/2020;12;30;12
Tuesday;17/03/2020;13;0;11
Tuesday;17/03/2020;13;30;5
Tuesday;17/03/2020;14;0;1
Tuesday;17/03/2020;15;0;7
Tuesday;17/03/2020;15;30;2
Tuesday;17/03/2020;16;0;2
Tuesday;17/03/2020;16;30;7
Tuesday;17/03/2020;17;0;8
Tuesday;17/03/2020;17;30;5
Wednesday;18/03/2020;6;0;101
Wednesday;18/03/2020;6;30;27
Wednesday;18/03/2020;7;0;7
Wednesday;18/03/2020;7;30;31
Wednesday;18/03/2020;8;0;17
Wednesday;18/03/2020;8;30;53
Wednesday;18/03/2020;9;0;40
Wednesday;18/03/2020;9;30;65
Wednesday;18/03/2020;10;0;45
Wednesday;18/03/2020;10;30;22
Wednesday;18/03/2020;11;0;17
Wednesday;18/03/2020;11;30;11
Wednesday;18/03/2020;12;0;13
Wednesday;18/03/2020;12;30;18
Wednesday;18/03/2020;13;0;7
Wednesday;18/03/2020;13;30;4
Wednesday;18/03/2020;14;0;1
Wednesday;18/03/2020;14;30;1
Wednesday;18/03/2020;15;30;1
Wednesday;18/03/2020;16;0;6
Wednesday;18/03/2020;16;30;5
Wednesday;18/03/2020;17;0;6
Wednesday;18/03/2020;17;30;3
Wednesday;18/03/2020;18;0;8
Wednesday;18/03/2020;18;30;2
Thursday;19/03/2020;6;0;79
Thursday;19/03/2020;6;30;20
Thursday;19/03/2020;7;0;7
Thursday;19/03/2020;7;30;27
Thursday;19/03/2020;8;0;21
Thursday;19/03/2020;8;30;59
Thursday;19/03/2020;9;0;16
Thursday;19/03/2020;9;30;35
Thursday;19/03/2020;10;0;27
Thursday;19/03/2020;10;30;41
Thursday;19/03/2020;11;0;12
Thursday;19/03/2020;11;30;14
Thursday;19/03/2020;12;0;18
Thursday;19/03/2020;12;30;16
Thursday;19/03/2020;13;0;13
Thursday;19/03/2020;13;30;8
Thursday;19/03/2020;14;0;9
Thursday;19/03/2020;14;30;3
Thursday;19/03/2020;15;30;1
Thursday;19/03/2020;16;0;5
Thursday;19/03/2020;16;30;3
Thursday;19/03/2020;17;0;8
Thursday;19/03/2020;17;30;6
Thursday;19/03/2020;18;0;3
Friday;20/03/2020;6;0;58
Friday;20/03/2020;6;30;53
Friday;20/03/2020;7;0;10
Friday;20/03/2020;7;30;44
Friday;20/03/2020;8;0;38
Friday;20/03/2020;8;30;29
Friday;20/03/2020;9;0;29
Friday;20/03/2020;9;30;25
Friday;20/03/2020;10;0;11
Friday;20/03/2020;10;30;18
Friday;20/03/2020;11;0;6
Friday;20/03/2020;11;30;4
Friday;20/03/2020;12;0;7
Friday;20/03/2020;12;30;6
Friday;20/03/2020;13;0;3
Friday;20/03/2020;13;30;5
Friday;20/03/2020;14;30;1
Friday;20/03/2020;15;30;5
Friday;20/03/2020;16;0;6
Friday;20/03/2020;16;30;4
Friday;20/03/2020;17;0;8
Friday;20/03/2020;17;30;5
Friday;20/03/2020;18;0;6
Friday;20/03/2020;18;30;1
Saturday;21/03/2020;8;30;37
Saturday;21/03/2020;9;0;14
Saturday;21/03/2020;9;30;7
Saturday;21/03/2020;10;0;5
Saturday;21/03/2020;10;30;9
Saturday;21/03/2020;11;0;5
Saturday;21/03/2020;11;30;4
Saturday;21/03/2020;12;0;9
Saturday;21/03/2020;12;30;7
Saturday;21/03/2020;13;0;1
Saturday;21/03/2020;13;30;2
Monday;23/03/2020;6;0;18
Monday;23/03/2020;6;30;55
Monday;23/03/2020;7;0;12
Monday;23/03/2020;7;30;24
Monday;23/03/2020;8;0;29
Monday;23/03/2020;8;30;53
Monday;23/03/2020;9;0;18
Monday;23/03/2020;9;30;41
Monday;23/03/2020;10;0;19
Monday;23/03/2020;10;30;6
Monday;23/03/2020;11;0;6
Monday;23/03/2020;11;30;17
Monday;23/03/2020;12;0;8
Monday;23/03/2020;12;30;11
Monday;23/03/2020;13;30;3
Monday;23/03/2020;14;0;2
Monday;23/03/2020;14;30;1
Monday;23/03/2020;15;0;3
Monday;23/03/2020;15;30;1
Monday;23/03/2020;16;0;2
Monday;23/03/2020;16;30;8
Monday;23/03/2020;17;0;4
Monday;23/03/2020;17;30;1
Monday;23/03/2020;18;0;1
Tuesday;24/03/2020;6;30;89
Tuesday;24/03/2020;7;0;8
Tuesday;24/03/2020;7;30;3
Tuesday;24/03/2020;8;0;3
Tuesday;24/03/2020;8;30;68
Tuesday;24/03/2020;9;0;51
Tuesday;24/03/2020;9;30;17
Tuesday;24/03/2020;10;0;54
Tuesday;24/03/2020;10;30;22
Tuesday;24/03/2020;11;0;16
Tuesday;24/03/2020;11;30;7
Tuesday;24/03/2020;12;0;8
Tuesday;24/03/2020;12;30;2
Tuesday;24/03/2020;13;0;3
Tuesday;24/03/2020;13;30;3
Tuesday;24/03/2020;14;0;1
Tuesday;24/03/2020;15;0;1
Tuesday;24/03/2020;15;30;3
Tuesday;24/03/2020;16;0;7
Tuesday;24/03/2020;16;30;2
Tuesday;24/03/2020;17;0;2
Tuesday;24/03/2020;17;30;3
Wednesday;25/03/2020;6;0;24
Wednesday;25/03/2020;6;30;65
Wednesday;25/03/2020;7;0;7
Wednesday;25/03/2020;7;30;6
Wednesday;25/03/2020;8;0;11
Wednesday;25/03/2020;8;30;30
Wednesday;25/03/2020;9;0;73
Wednesday;25/03/2020;9;30;20
Wednesday;25/03/2020;10;0;39
Wednesday;25/03/2020;10;30;17
Wednesday;25/03/2020;11;0;9
Wednesday;25/03/2020;11;30;10
Wednesday;25/03/2020;12;0;7
Wednesday;25/03/2020;12;30;5
Wednesday;25/03/2020;13;0;1
Wednesday;25/03/2020;13;30;1
Wednesday;25/03/2020;15;30;1
Wednesday;25/03/2020;16;0;9
Wednesday;25/03/2020;16;30;6
Wednesday;25/03/2020;17;0;10
Wednesday;25/03/2020;17;30;3
