Dia,Hora,Demand,Weekday,Avail,Reject,Unmatch
2019-12-01,6,23,Sunday,162,63,23
2019-12-01,7,38,Sunday,237,186,56
2019-12-01,8,25,Sunday,389,260,121
2019-12-01,9,23,Sunday,533,350,135
2019-12-01,10,48,Sunday,670,453,180
2019-12-01,11,23,Sunday,822,447,182
2019-12-01,12,21,Sunday,903,483,204
2019-12-01,13,12,Sunday,956,458,200
2019-12-01,14,12,Sunday,1017,433,193
2019-12-01,15,7,Sunday,958,436,163
2019-12-01,16,9,Sunday,859,388,146
2019-12-01,17,1,Sunday,702,394,144
2019-12-02,6,52,Monday,392,288,84
2019-12-02,7,11,Monday,724,413,163
2019-12-02,8,21,Monday,1370,526,218
2019-12-02,9,40,Monday,2065,714,318
2019-12-02,10,37,Monday,2740,879,389
2019-12-02,11,16,Monday,3064,975,420
2019-12-02,12,13,Monday,3144,980,399
2019-12-02,13,7,Monday,3168,988,365
2019-12-02,14,4,Monday,3243,1001,404
2019-12-02,15,5,Monday,3154,1009,390
2019-12-02,16,3,Monday,2968,910,371
2019-12-02,18,3,Monday,2139,543,181
2019-12-02,19,1,Monday,1577,403,130
2019-12-03,5,36,Tuesday,215,105,26
2019-12-03,6,38,Tuesday,507,363,106
2019-12-03,7,8,Tuesday,1018,479,168
2019-12-03,8,13,Tuesday,1869,503,187
2019-12-03,9,45,Tuesday,2693,846,313
2019-12-03,10,8,Tuesday,3169,931,339
2019-12-03,11,70,Tuesday,3497,1099,440
2019-12-03,12,18,Tuesday,3466,988,404
2019-12-03,13,7,Tuesday,3463,1047,370
2019-12-03,14,17,Tuesday,3584,1014,413
2019-12-03,15,3,Tuesday,3658,1030,422
2019-12-03,16,6,Tuesday,3467,939,346
2019-12-03,17,1,Tuesday,3181,700,204
2019-12-03,18,1,Tuesday,2461,478,142
2019-12-03,19,2,Tuesday,1894,409,126
2019-12-04,5,42,Wednesday,258,145,22
2019-12-04,6,34,Wednesday,606,433,112
2019-12-04,7,7,Wednesday,1108,479,179
2019-12-04,8,22,Wednesday,2023,573,186
2019-12-04,9,38,Wednesday,2875,765,312
2019-12-04,10,14,Wednesday,3387,896,355
2019-12-04,11,45,Wednesday,3700,1002,355
2019-12-04,12,42,Wednesday,3566,1132,453
2019-12-04,13,12,Wednesday,3321,1137,439
2019-12-04,14,13,Wednesday,3399,1171,493
2019-12-04,15,6,Wednesday,3476,1119,466
2019-12-04,16,7,Wednesday,3356,1017,393
2019-12-04,17,1,Wednesday,3057,877,266
2019-12-04,18,3,Wednesday,2373,659,224
2019-12-04,19,8,Wednesday,1848,585,190
2019-12-05,5,46,Thursday,282,118,20
2019-12-05,6,93,Thursday,617,461,117
2019-12-05,7,14,Thursday,1121,498,154
2019-12-05,8,12,Thursday,1932,671,255
2019-12-05,9,24,Thursday,2740,829,330
2019-12-05,10,50,Thursday,3300,955,375
2019-12-05,11,18,Thursday,3605,1034,439
2019-12-05,12,11,Thursday,3571,982,358
2019-12-05,13,6,Thursday,3565,1058,374
2019-12-05,14,5,Thursday,3614,1092,444
2019-12-05,15,1,Thursday,3385,1130,462
2019-12-05,16,3,Thursday,2901,1126,421
2019-12-05,17,3,Thursday,2578,973,323
2019-12-05,18,1,Thursday,1953,740,237
2019-12-05,20,3,Thursday,1122,490,165
2019-12-06,5,56,Friday,275,116,24
2019-12-06,6,38,Friday,517,413,114
2019-12-06,7,39,Friday,857,542,190
2019-12-06,8,12,Friday,1557,675,246
2019-12-06,9,29,Friday,2282,826,305
2019-12-06,10,17,Friday,2926,1033,464
2019-12-06,11,12,Friday,3244,1066,476
2019-12-06,12,14,Friday,3289,1097,438
2019-12-06,13,7,Friday,3372,1080,403
2019-12-06,14,5,Friday,3446,1061,434
2019-12-06,15,2,Friday,3370,1095,475
2019-12-06,16,8,Friday,3255,1037,475
2019-12-06,17,1,Friday,2945,961,370
2019-12-06,18,4,Friday,2466,810,293
2019-12-06,19,1,Friday,1834,685,229
2019-12-07,7,2,Saturday,654,165,37
2019-12-07,8,61,Saturday,1002,589,207
2019-12-07,9,50,Saturday,1296,580,235
2019-12-07,10,27,Saturday,1596,642,303
2019-12-07,11,18,Saturday,1728,625,280
2019-12-07,12,18,Saturday,1638,587,248
2019-12-07,13,15,Saturday,1598,625,249
2019-12-07,14,8,Saturday,1408,551,172
2019-12-07,15,7,Saturday,1232,485,149
2019-12-07,16,3,Saturday,1084,386,122
2019-12-08,8,18,Sunday,452,204,45
2019-12-08,9,24,Sunday,565,345,125
2019-12-08,10,5,Sunday,627,347,125
2019-12-08,11,5,Sunday,717,417,134
2019-12-08,12,2,Sunday,717,346,126
2019-12-08,13,3,Sunday,695,431,144
2019-12-08,14,3,Sunday,647,434,130
2019-12-08,15,1,Sunday,570,352,102
2019-12-09,5,45,Monday,187,112,17
2019-12-09,6,13,Monday,431,299,84
2019-12-09,7,37,Monday,820,478,178
2019-12-09,8,8,Monday,1487,619,216
2019-12-09,9,9,Monday,2164,759,285
2019-12-09,10,26,Monday,2726,913,375
2019-12-09,11,12,Monday,3059,933,388
2019-12-09,12,3,Monday,3130,879,325
2019-12-09,13,11,Monday,3099,1032,368
2019-12-09,14,2,Monday,2830,1032,395
2019-12-09,15,1,Monday,2489,1066,429
2019-12-09,16,5,Monday,2310,916,370
2019-12-09,17,3,Monday,2140,834,311
2019-12-10,5,4,Tuesday,242,62,8
2019-12-10,6,63,Tuesday,519,393,108
2019-12-10,7,52,Tuesday,959,551,176
2019-12-10,8,5,Tuesday,1664,621,274
2019-12-10,9,51,Tuesday,2439,917,349
2019-12-10,10,23,Tuesday,2975,1074,489
2019-12-10,11,26,Tuesday,3211,1056,440
2019-12-10,12,11,Tuesday,3230,1149,435
2019-12-10,13,10,Tuesday,3173,1137,390
2019-12-10,14,11,Tuesday,2930,1146,453
2019-12-10,15,8,Tuesday,2737,1099,455
2019-12-10,16,1,Tuesday,2550,983,422
2019-12-10,17,2,Tuesday,2007,873,330
2019-12-11,5,43,Wednesday,214,149,34
2019-12-11,6,6,Wednesday,511,306,88
2019-12-11,7,10,Wednesday,943,566,187
2019-12-11,8,62,Wednesday,1604,683,279
2019-12-11,9,40,Wednesday,2399,945,365
2019-12-11,10,24,Wednesday,2936,1038,489
2019-12-11,11,35,Wednesday,3287,1140,530
2019-12-11,12,15,Wednesday,3336,1124,443
2019-12-11,13,8,Wednesday,3261,1113,413
2019-12-11,14,11,Wednesday,3426,1161,464
2019-12-11,15,2,Wednesday,3355,1127,515
2019-12-11,16,3,Wednesday,2869,1106,444
2019-12-11,17,1,Wednesday,2304,985,366
2019-12-11,18,1,Wednesday,1767,765,209
2019-12-11,19,1,Wednesday,1248,610,191
2019-12-12,5,43,Thursday,206,139,29
2019-12-12,6,49,Thursday,502,386,102
2019-12-12,7,47,Thursday,952,569,211
2019-12-12,8,22,Thursday,1567,680,286
2019-12-12,9,12,Thursday,2416,833,318
2019-12-12,10,46,Thursday,3050,1077,444
2019-12-12,11,21,Thursday,3371,1094,469
2019-12-12,12,17,Thursday,3367,1104,428
2019-12-12,13,9,Thursday,3307,1146,407
2019-12-12,14,9,Thursday,3329,1153,426
2019-12-12,15,4,Thursday,3363,1135,452
2019-12-12,16,1,Thursday,3169,1064,421
2019-12-12,17,4,Thursday,2911,1016,339
2019-12-12,18,2,Thursday,2388,766,228
2019-12-13,5,57,Friday,248,142,26
2019-12-13,6,46,Friday,542,375,95
2019-12-13,7,53,Friday,989,609,189
2019-12-13,8,5,Friday,1700,676,218
2019-12-13,9,8,Friday,2446,883,320
2019-12-13,10,33,Friday,2936,1100,431
2019-12-13,11,11,Friday,3287,1098,477
2019-12-13,12,10,Friday,3132,1137,437
2019-12-13,13,5,Friday,2933,1161,475
2019-12-13,14,1,Friday,2970,1117,495
2019-12-13,15,3,Friday,2855,1028,475
2019-12-13,16,3,Friday,2666,968,428
2019-12-13,17,1,Friday,2372,917,387
2019-12-14,8,3,Saturday,808,236,37
2019-12-14,9,72,Saturday,1110,662,214
2019-12-14,10,51,Saturday,1244,580,248
2019-12-14,11,49,Saturday,1394,660,272
2019-12-14,12,15,Saturday,1440,632,219
2019-12-14,13,7,Saturday,1383,637,229
2019-12-14,14,5,Saturday,1313,502,154
2019-12-14,15,4,Saturday,1040,580,178
2019-12-14,16,3,Saturday,665,561,175
2019-12-16,5,31,Monday,196,114,14
2019-12-16,6,22,Monday,397,357,85
2019-12-16,7,19,Monday,860,370,125
2019-12-16,8,5,Monday,1488,557,163
2019-12-16,9,10,Monday,2127,814,271
2019-12-16,10,21,Monday,2696,984,350
2019-12-16,11,4,Monday,2963,982,404
2019-12-16,12,4,Monday,2969,988,346
2019-12-16,13,4,Monday,2947,1083,325
2019-12-16,14,3,Monday,2926,1029,391
2019-12-16,15,6,Monday,2957,1022,404
2019-12-16,16,1,Monday,2864,972,381
2019-12-16,17,1,Monday,2557,800,255
2019-12-16,18,3,Monday,2056,598,164
2019-12-17,5,14,Tuesday,224,21,3
2019-12-17,6,58,Tuesday,564,421,123
2019-12-17,7,37,Tuesday,1022,482,175
2019-12-17,8,24,Tuesday,1735,631,210
2019-12-17,9,33,Tuesday,2484,936,338
2019-12-17,10,28,Tuesday,2988,1050,458
2019-12-17,11,15,Tuesday,3326,1101,507
2019-12-17,12,13,Tuesday,3325,1085,459
2019-12-17,13,5,Tuesday,3185,1138,405
2019-12-17,14,3,Tuesday,3135,1127,410
2019-12-17,15,3,Tuesday,2932,1071,468
2019-12-17,16,1,Tuesday,2460,916,347
2019-12-17,17,3,Tuesday,2292,954,354
2019-12-17,18,1,Tuesday,1968,730,236
2019-12-18,5,19,Wednesday,204,66,5
2019-12-18,6,13,Wednesday,374,339,90
2019-12-18,7,37,Wednesday,601,449,155
2019-12-18,8,15,Wednesday,1102,640,249
2019-12-18,9,40,Wednesday,1755,783,350
2019-12-18,10,22,Wednesday,2264,908,400
2019-12-18,11,27,Wednesday,2634,976,425
2019-12-18,12,15,Wednesday,2817,1037,454
2019-12-18,13,12,Wednesday,2840,1068,499
2019-12-18,14,10,Wednesday,3001,1062,497
2019-12-18,15,7,Wednesday,2985,1065,468
2019-12-18,16,2,Wednesday,2927,946,468
2019-12-18,17,3,Wednesday,2688,999,424
2019-12-18,18,2,Wednesday,2240,824,254
2019-12-19,5,5,Thursday,210,21,4
2019-12-19,6,46,Thursday,459,363,83
2019-12-19,7,24,Thursday,875,419,131
2019-12-19,8,44,Thursday,1569,690,267
2019-12-19,9,28,Thursday,2260,948,394
2019-12-19,10,14,Thursday,2904,1077,466
2019-12-19,11,10,Thursday,3218,1082,464
2019-12-19,12,5,Thursday,3213,1112,468
2019-12-19,13,6,Thursday,3195,1119,505
2019-12-19,14,1,Thursday,3234,1142,490
2019-12-19,15,3,Thursday,3195,1124,508
2019-12-19,16,1,Thursday,3104,1047,484
2019-12-20,5,10,Friday,218,41,8
2019-12-20,6,60,Friday,511,391,115
2019-12-20,7,14,Friday,916,502,179
2019-12-20,8,20,Friday,1512,676,255
2019-12-20,9,36,Friday,2230,905,374
2019-12-20,10,22,Friday,2724,992,422
2019-12-20,11,20,Friday,3046,1060,430
2019-12-20,12,10,Friday,3089,1069,407
2019-12-20,13,3,Friday,3063,1093,440
2019-12-20,14,3,Friday,3028,1112,489
2019-12-20,15,4,Friday,2962,1056,433
2019-12-20,16,2,Friday,2834,1018,411
2019-12-20,17,3,Friday,2545,988,409
2019-12-20,18,4,Friday,2067,835,305
2019-12-21,9,60,Saturday,1006,635,183
2019-12-21,10,32,Saturday,1208,612,223
2019-12-21,11,13,Saturday,1343,551,218
2019-12-21,12,8,Saturday,1321,625,221
2019-12-21,13,9,Saturday,1211,671,236
2019-12-21,14,9,Saturday,1125,600,226
2019-12-21,15,6,Saturday,934,573,210
2019-12-21,16,2,Saturday,804,498,164
2019-12-21,17,1,Saturday,705,416,122
2019-12-23,5,7,Monday,133,38,10
2019-12-23,6,13,Monday,311,199,47
2019-12-23,7,13,Monday,585,291,78
2019-12-23,8,20,Monday,1029,496,145
2019-12-23,9,14,Monday,1591,658,216
2019-12-23,10,7,Monday,2031,766,304
2019-12-23,11,2,Monday,2254,848,319
2019-12-23,12,2,Monday,2232,816,280
2019-12-23,13,4,Monday,2089,852,327
2019-12-23,16,1,Monday,1597,719,276
2019-12-23,17,1,Monday,1277,632,233
2019-12-24,7,53,Tuesday,425,349,108
2019-12-24,8,44,Tuesday,689,509,225
2019-12-24,9,25,Tuesday,934,554,241
2019-12-24,10,10,Tuesday,1072,576,212
2019-12-24,11,3,Tuesday,1203,611,262
2019-12-24,12,13,Tuesday,1149,597,194
2019-12-24,13,1,Tuesday,1021,495,159
2019-12-24,14,3,Tuesday,821,458,127
2019-12-24,16,3,Tuesday,544,282,84
2019-12-26,5,6,Thursday,132,43,7
2019-12-26,6,35,Thursday,295,209,60
2019-12-26,7,10,Thursday,568,358,78
2019-12-26,8,10,Thursday,961,464,129
2019-12-26,9,9,Thursday,1430,562,200
2019-12-26,10,5,Thursday,1884,579,198
2019-12-26,11,3,Thursday,2159,600,185
2019-12-26,12,5,Thursday,2139,675,208
2019-12-26,13,5,Thursday,2082,681,188
2019-12-26,14,6,Thursday,2035,680,177
2019-12-26,16,3,Thursday,1791,566,174
2019-12-26,17,3,Thursday,1466,467,134
2019-12-26,18,4,Thursday,1126,392,91
2019-12-27,6,46,Friday,323,259,63
2019-12-27,7,12,Friday,591,375,109
2019-12-27,8,10,Friday,999,382,108
2019-12-27,9,25,Friday,1471,483,169
2019-12-27,10,4,Friday,1895,555,174
2019-12-27,11,4,Friday,2178,635,208
2019-12-27,12,2,Friday,2157,622,207
2019-12-27,13,6,Friday,2066,636,168
2019-12-27,14,4,Friday,2022,587,182
2019-12-27,15,3,Friday,1927,617,208
2019-12-27,16,3,Friday,1695,575,198
2019-12-27,17,4,Friday,1450,514,146
2019-12-27,18,2,Friday,1171,358,100
2019-12-28,9,74,Saturday,832,492,167
2019-12-28,10,17,Saturday,916,445,166
2019-12-28,11,15,Saturday,1040,506,210
2019-12-28,12,5,Saturday,1037,448,160
2019-12-28,13,7,Saturday,1003,394,118
2019-12-28,14,5,Saturday,937,330,89
2019-12-28,15,4,Saturday,844,328,79
2019-12-28,16,2,Saturday,729,309,79
2019-12-28,17,1,Saturday,614,264,64
2019-12-30,5,5,Monday,126,75,11
2019-12-30,6,29,Monday,270,192,42
2019-12-30,7,19,Monday,486,261,82
2019-12-30,8,9,Monday,771,302,113
2019-12-30,9,10,Monday,1085,341,110
2019-12-30,10,8,Monday,1317,380,110
2019-12-30,12,8,Monday,1386,426,137
2019-12-30,13,2,Monday,1284,421,126
2019-12-30,14,2,Monday,1214,407,129
2019-12-30,15,2,Monday,1044,440,130
2019-12-30,16,2,Monday,949,347,114
2019-12-30,17,2,Monday,787,311,94
2019-12-31,7,37,Tuesday,265,237,62
2019-12-31,8,18,Tuesday,376,254,98
2019-12-31,9,13,Tuesday,470,287,109
2019-12-31,10,10,Tuesday,515,311,127
2019-12-31,11,12,Tuesday,572,375,149
2019-12-31,12,2,Tuesday,527,299,95
2019-12-31,13,1,Tuesday,490,272,88
2020-01-02,5,2,Thursday,120,47,6
2020-01-02,6,23,Thursday,219,200,51
2020-01-02,7,28,Thursday,415,308,83
2020-01-02,8,6,Thursday,749,361,126
2020-01-02,9,8,Thursday,1100,338,130
2020-01-02,10,4,Thursday,1397,371,121
2020-01-02,11,4,Thursday,1550,339,119
2020-01-02,13,4,Thursday,1581,420,150
2020-01-02,14,5,Thursday,1435,586,176
2020-01-02,15,2,Thursday,1385,520,163
2020-01-02,16,3,Thursday,1222,481,144
2020-01-02,17,3,Thursday,972,401,114
2020-01-02,18,1,Thursday,690,361,91
2020-01-02,19,1,Thursday,449,392,107
2020-01-03,6,38,Friday,240,204,58
2020-01-03,7,21,Friday,486,281,101
2020-01-03,8,6,Friday,847,347,109
2020-01-03,9,13,Friday,1282,394,151
2020-01-03,10,7,Friday,1514,509,175
2020-01-03,11,6,Friday,1680,542,170
2020-01-03,12,3,Friday,1730,541,181
2020-01-03,13,2,Friday,1710,479,150
2020-01-03,14,6,Friday,1823,518,164
2020-01-03,15,7,Friday,1736,510,172
2020-01-03,16,5,Friday,1556,427,127
2020-01-03,17,5,Friday,1242,358,97
2020-01-03,18,2,Friday,1050,300,87
2020-01-04,8,4,Saturday,587,113,18
2020-01-04,9,63,Saturday,781,463,155
2020-01-04,10,23,Saturday,865,428,184
2020-01-04,11,14,Saturday,938,485,210
2020-01-04,12,9,Saturday,1006,507,196
2020-01-04,13,3,Saturday,1043,399,126
2020-01-04,14,3,Saturday,1016,314,100
2020-01-04,17,1,Saturday,601,308,80
2020-01-06,5,8,Monday,162,67,12
2020-01-06,6,27,Monday,411,282,62
2020-01-06,7,18,Monday,886,297,93
2020-01-06,8,3,Monday,1465,322,117
2020-01-06,9,15,Monday,2192,380,144
2020-01-06,10,13,Monday,2794,406,154
2020-01-06,11,3,Monday,3079,428,182
2020-01-06,12,3,Monday,3083,414,141
2020-01-06,13,5,Monday,3037,393,147
2020-01-06,14,4,Monday,3076,525,153
2020-01-06,15,3,Monday,2918,546,199
2020-01-06,16,3,Monday,2695,436,150
2020-01-06,17,2,Monday,2266,330,99
2020-01-06,18,1,Monday,1738,270,66
2020-01-07,6,63,Tuesday,479,388,110
2020-01-07,7,56,Tuesday,874,444,140
2020-01-07,8,15,Tuesday,1514,483,176
2020-01-07,9,16,Tuesday,2331,503,204
2020-01-07,10,10,Tuesday,2869,519,186
2020-01-07,11,8,Tuesday,3247,507,205
2020-01-07,12,1,Tuesday,3242,427,159
2020-01-07,13,6,Tuesday,3180,445,160
2020-01-07,14,6,Tuesday,3179,561,220
2020-01-07,15,6,Tuesday,3041,543,181
2020-01-07,16,8,Tuesday,2731,464,155
2020-01-07,17,3,Tuesday,2308,402,125
2020-01-07,18,1,Tuesday,1727,303,108
2020-01-08,5,15,Wednesday,200,23,4
2020-01-08,6,66,Wednesday,487,318,98
2020-01-08,7,18,Wednesday,899,340,121
2020-01-08,8,5,Wednesday,1580,423,175
2020-01-08,9,16,Wednesday,2340,486,196
2020-01-08,10,18,Wednesday,2969,533,203
2020-01-08,11,4,Wednesday,3266,506,194
2020-01-08,12,4,Wednesday,3272,496,191
2020-01-08,13,4,Wednesday,3189,534,183
2020-01-08,14,1,Wednesday,3274,506,192
2020-01-08,15,1,Wednesday,3134,525,209
2020-01-08,16,2,Wednesday,2696,541,192
2020-01-08,18,1,Wednesday,1542,556,152
2020-01-08,19,1,Wednesday,1010,501,140
2020-01-09,5,4,Thursday,208,3,4
2020-01-09,6,87,Thursday,499,385,117
2020-01-09,7,13,Thursday,939,378,112
2020-01-09,8,7,Thursday,1571,447,172
2020-01-09,9,12,Thursday,2315,560,262
2020-01-09,10,40,Thursday,2927,645,298
2020-01-09,11,7,Thursday,3206,524,236
2020-01-09,12,4,Thursday,3246,541,202
2020-01-09,13,4,Thursday,3266,548,185
2020-01-09,14,5,Thursday,3288,564,197
2020-01-09,15,5,Thursday,3189,544,212
2020-01-09,16,8,Thursday,2895,458,189
2020-01-09,17,2,Thursday,2414,542,154
2020-01-09,18,1,Thursday,1734,398,125
2020-01-10,5,26,Friday,247,54,12
2020-01-10,6,53,Friday,526,382,110
2020-01-10,7,11,Friday,954,339,135
2020-01-10,8,9,Friday,1635,399,159
2020-01-10,9,28,Friday,2359,529,206
2020-01-10,10,15,Friday,2973,632,256
2020-01-10,11,6,Friday,3292,588,225
2020-01-10,12,4,Friday,3281,497,182
2020-01-10,13,2,Friday,3223,520,190
2020-01-10,14,3,Friday,3229,509,200
2020-01-10,15,1,Friday,3076,576,233
2020-01-10,16,3,Friday,2867,483,177
2020-01-10,17,1,Friday,2409,393,149
2020-01-11,8,18,Saturday,743,84,21
2020-01-11,9,69,Saturday,1030,487,151
2020-01-11,10,13,Saturday,1143,517,238
2020-01-11,11,15,Saturday,1234,460,220
2020-01-11,12,7,Saturday,1246,469,192
2020-01-11,13,6,Saturday,1222,386,135
2020-01-11,14,7,Saturday,1164,304,108
2020-01-11,15,3,Saturday,973,340,94
2020-01-11,16,3,Saturday,837,347,87
2020-01-13,5,16,Monday,157,28,4
2020-01-13,6,28,Monday,419,242,50
2020-01-13,7,8,Monday,857,313,121
2020-01-13,8,6,Monday,1457,290,94
2020-01-13,9,18,Monday,2156,454,162
2020-01-13,10,24,Monday,2718,624,232
2020-01-13,11,5,Monday,3011,497,187
2020-01-13,12,2,Monday,3102,475,180
2020-01-13,13,4,Monday,3062,471,189
2020-01-13,14,3,Monday,3103,542,227
2020-01-13,15,3,Monday,3028,544,205
2020-01-13,17,1,Monday,2235,538,170
2020-01-14,5,20,Tuesday,219,43,8
2020-01-14,6,60,Tuesday,437,342,102
2020-01-14,7,11,Tuesday,890,333,142
2020-01-14,8,6,Tuesday,1592,370,133
2020-01-14,9,22,Tuesday,2321,544,204
2020-01-14,10,11,Tuesday,2895,551,275
2020-01-14,11,6,Tuesday,3229,542,229
2020-01-14,12,7,Tuesday,3317,525,181
2020-01-14,13,3,Tuesday,3351,551,193
2020-01-14,14,6,Tuesday,3384,505,223
2020-01-14,15,3,Tuesday,3372,459,223
2020-01-14,16,5,Tuesday,3065,426,151
2020-01-14,17,5,Tuesday,2621,257,78
2020-01-15,5,18,Wednesday,262,18,6
2020-01-15,6,92,Wednesday,546,346,104
2020-01-15,7,22,Wednesday,962,383,140
2020-01-15,8,3,Wednesday,1756,418,213
2020-01-15,9,24,Wednesday,2491,586,226
2020-01-15,10,25,Wednesday,3099,634,300
2020-01-15,11,11,Wednesday,3471,555,241
2020-01-15,12,2,Wednesday,3444,485,212
2020-01-15,13,4,Wednesday,3332,464,189
2020-01-15,14,5,Wednesday,3340,549,228
2020-01-15,15,2,Wednesday,3319,532,220
2020-01-15,16,6,Wednesday,3036,568,195
2020-01-15,17,6,Wednesday,2668,403,138
2020-01-15,18,3,Wednesday,2032,305,101
2020-01-16,6,60,Thursday,517,271,68
2020-01-16,7,47,Thursday,982,431,161
2020-01-16,8,9,Thursday,1712,421,178
2020-01-16,9,28,Thursday,2497,573,218
2020-01-16,10,31,Thursday,3049,685,262
2020-01-16,11,8,Thursday,3315,533,186
2020-01-16,12,9,Thursday,3224,661,256
2020-01-16,13,3,Thursday,3146,648,279
2020-01-16,14,4,Thursday,3256,616,269
2020-01-16,15,2,Thursday,3088,697,274
2020-01-16,16,3,Thursday,2482,808,271
2020-01-16,17,3,Thursday,2158,637,211
2020-01-16,18,4,Thursday,1769,351,109
2020-01-17,6,90,Friday,432,329,102
2020-01-17,7,16,Friday,806,376,149
2020-01-17,8,6,Friday,1358,431,184
2020-01-17,9,24,Friday,2079,606,272
2020-01-17,10,19,Friday,2631,647,333
2020-01-17,11,8,Friday,3017,737,344
2020-01-17,12,5,Friday,3076,627,278
2020-01-17,13,1,Friday,3055,688,252
2020-01-17,14,2,Friday,3127,783,320
2020-01-17,15,2,Friday,3097,789,336
2020-01-17,16,2,Friday,2954,689,267
2020-01-17,17,4,Friday,2510,570,171
2020-01-18,9,80,Saturday,929,497,196
2020-01-18,10,42,Saturday,1106,483,216
2020-01-18,11,22,Saturday,1293,454,189
2020-01-18,12,16,Saturday,1381,400,163
2020-01-18,13,7,Saturday,1348,364,151
2020-01-18,14,1,Saturday,1268,312,114
2020-01-18,15,3,Saturday,1133,295,116
2020-01-18,16,3,Saturday,983,325,103
2020-01-20,6,69,Monday,413,286,86
2020-01-20,7,14,Monday,773,319,97
2020-01-20,8,6,Monday,1439,291,98
2020-01-20,9,34,Monday,2197,502,202
2020-01-20,10,13,Monday,2795,492,200
2020-01-20,11,5,Monday,3167,479,199
2020-01-20,12,3,Monday,3272,436,168
2020-01-20,13,3,Monday,3238,497,213
2020-01-20,14,3,Monday,3233,536,225
2020-01-20,15,2,Monday,3232,525,216
2020-01-20,16,1,Monday,2980,561,227
2020-01-20,17,5,Monday,2531,385,164
2020-01-21,6,93,Tuesday,499,387,107
2020-01-21,7,34,Tuesday,931,430,152
2020-01-21,8,17,Tuesday,1662,442,186
2020-01-21,9,50,Tuesday,2481,484,225
2020-01-21,10,19,Tuesday,3086,563,250
2020-01-21,11,6,Tuesday,3472,488,229
2020-01-21,12,5,Tuesday,3506,477,240
2020-01-21,13,4,Tuesday,3404,487,194
2020-01-21,14,3,Tuesday,3445,606,273
2020-01-21,15,5,Tuesday,3405,640,273
2020-01-21,16,4,Tuesday,3219,508,182
2020-01-21,17,4,Tuesday,2755,448,172
2020-01-21,18,2,Tuesday,2152,345,137
2020-01-22,6,105,Wednesday,537,357,94
2020-01-22,7,31,Wednesday,985,337,123
2020-01-22,8,19,Wednesday,1753,357,156
2020-01-22,9,23,Wednesday,2658,484,211
2020-01-22,10,16,Wednesday,3239,635,307
2020-01-22,11,75,Wednesday,3575,488,255
2020-01-22,12,18,Wednesday,3592,472,228
2020-01-22,13,12,Wednesday,3591,450,191
2020-01-22,14,2,Wednesday,3617,510,251
2020-01-22,15,4,Wednesday,3437,542,251
2020-01-22,16,3,Wednesday,3140,487,184
2020-01-22,17,2,Wednesday,2621,439,149
2020-01-22,18,3,Wednesday,1994,368,129
2020-01-23,6,62,Thursday,478,326,87
2020-01-23,7,41,Thursday,854,454,161
2020-01-23,8,41,Thursday,1429,468,223
2020-01-23,9,17,Thursday,2281,598,296
2020-01-23,10,59,Thursday,2861,757,389
2020-01-23,11,26,Thursday,3144,711,330
2020-01-23,12,10,Thursday,3238,659,305
2020-01-23,13,7,Thursday,3195,660,254
2020-01-23,14,6,Thursday,3255,721,319
2020-01-23,15,2,Thursday,3147,785,333
2020-01-23,16,4,Thursday,2911,673,295
2020-01-23,17,6,Thursday,2561,551,178
2020-01-23,18,2,Thursday,1963,413,123
2020-01-23,19,2,Thursday,1465,292,94
2020-01-24,6,59,Friday,401,351,68
2020-01-24,7,6,Friday,688,435,119
2020-01-24,8,28,Friday,1172,534,224
2020-01-24,9,6,Friday,1758,666,296
2020-01-24,10,22,Friday,2140,710,276
2020-01-24,11,22,Friday,2204,509,186
2020-01-24,12,6,Friday,2308,440,201
2020-01-24,15,1,Friday,1908,286,141
2020-01-24,17,4,Friday,1695,487,260
2020-01-24,18,5,Friday,1514,582,320
2020-01-24,19,2,Friday,1313,536,249
2020-01-25,9,41,Saturday,807,328,137
2020-01-25,10,7,Saturday,962,350,151
2020-01-25,11,52,Saturday,1102,403,202
2020-01-25,12,41,Saturday,1165,403,196
2020-01-25,13,30,Saturday,1155,366,140
2020-01-25,14,22,Saturday,1109,328,128
2020-01-25,15,5,Saturday,1025,304,118
2020-01-25,16,10,Saturday,926,281,120
2020-01-25,17,1,Saturday,802,282,94
2020-01-27,6,107,Monday,395,347,92
2020-01-27,7,53,Monday,747,375,135
2020-01-27,8,26,Monday,1384,496,193
2020-01-27,9,4,Monday,1980,522,274
2020-01-27,10,33,Monday,2619,700,366
2020-01-27,11,37,Monday,2925,853,427
2020-01-27,12,18,Monday,3043,823,374
2020-01-27,13,5,Monday,2995,772,341
2020-01-27,15,2,Monday,3113,759,344
2020-01-27,16,8,Monday,2958,750,322
2020-01-27,17,3,Monday,2600,552,193
2020-01-27,18,3,Monday,1892,414,145
2020-01-28,6,39,Tuesday,459,188,48
2020-01-28,7,20,Tuesday,904,347,114
2020-01-28,8,28,Tuesday,1684,440,213
2020-01-28,9,42,Tuesday,2550,595,249
2020-01-28,10,28,Tuesday,3058,682,285
2020-01-28,11,73,Tuesday,3350,871,354
2020-01-28,12,40,Tuesday,3237,780,333
2020-01-28,13,21,Tuesday,3184,701,355
2020-01-28,14,11,Tuesday,3323,848,390
2020-01-28,15,12,Tuesday,3293,815,340
2020-01-28,16,4,Tuesday,3017,738,285
2020-01-28,17,3,Tuesday,2393,699,244
2020-01-28,18,5,Tuesday,1653,496,152
2020-01-29,6,34,Wednesday,400,218,61
2020-01-29,7,105,Wednesday,852,422,119
2020-01-29,8,35,Wednesday,1663,444,158
2020-01-29,9,37,Wednesday,2462,610,245
2020-01-29,10,10,Wednesday,3159,583,259
2020-01-29,11,14,Wednesday,3514,541,235
2020-01-29,12,5,Wednesday,3550,534,189
2020-01-29,13,1,Wednesday,3480,465,205
2020-01-29,14,5,Wednesday,3567,663,268
2020-01-29,15,6,Wednesday,3493,652,257
2020-01-29,16,5,Wednesday,3180,658,259
2020-01-29,17,4,Wednesday,2704,492,164
2020-01-30,6,26,Thursday,441,196,42
2020-01-30,7,114,Thursday,929,414,135
2020-01-30,8,30,Thursday,1711,492,184
2020-01-30,9,7,Thursday,2495,564,211
2020-01-30,10,12,Thursday,3128,513,214
2020-01-30,11,14,Thursday,3533,553,201
2020-01-30,12,1,Thursday,3561,515,191
2020-01-30,13,4,Thursday,3524,526,182
2020-01-30,14,6,Thursday,3415,849,323
2020-01-30,15,2,Thursday,3229,818,290
2020-01-30,16,1,Thursday,2937,814,260
2020-01-30,17,1,Thursday,2251,816,237
2020-01-31,6,29,Friday,378,205,46
2020-01-31,7,92,Friday,804,415,101
2020-01-31,8,29,Friday,1599,520,192
2020-01-31,9,33,Friday,2388,563,227
2020-01-31,10,8,Friday,2991,637,304
2020-01-31,11,3,Friday,3420,663,279
2020-01-31,12,3,Friday,3440,722,265
2020-01-31,13,8,Friday,3360,687,272
2020-01-31,14,3,Friday,3389,759,329
2020-01-31,16,1,Friday,3084,696,286
2020-01-31,17,2,Friday,2651,564,199
2020-01-31,18,1,Friday,2095,419,124
2020-02-01,9,26,Saturday,948,441,121
2020-02-01,10,65,Saturday,1115,544,204
2020-02-01,11,54,Saturday,1214,536,211
2020-02-01,12,17,Saturday,1257,516,197
2020-02-01,13,14,Saturday,1288,424,138
2020-02-01,14,11,Saturday,1213,390,127
2020-02-01,15,4,Saturday,989,429,128
2020-02-03,6,21,Monday,308,124,15
2020-02-03,7,56,Monday,559,391,100
2020-02-03,8,20,Monday,1157,512,153
2020-02-03,9,29,Monday,1741,623,234
2020-02-03,10,17,Monday,1995,812,307
2020-02-03,11,11,Monday,2247,801,313
2020-02-03,12,5,Monday,2398,854,298
2020-02-03,13,3,Monday,2472,798,339
2020-02-03,14,2,Monday,2599,832,337
2020-02-03,15,1,Monday,2468,907,368
2020-02-03,16,2,Monday,2374,874,344
2020-02-04,6,19,Tuesday,292,148,24
2020-02-04,7,94,Tuesday,536,462,130
2020-02-04,8,33,Tuesday,1151,573,205
2020-02-04,9,63,Tuesday,1893,721,291
2020-02-04,10,39,Tuesday,2454,841,366
2020-02-04,11,26,Tuesday,2833,899,393
2020-02-04,12,19,Tuesday,2956,792,289
2020-02-04,13,10,Tuesday,3079,782,247
2020-02-04,14,8,Tuesday,3231,822,316
2020-02-04,15,5,Tuesday,3287,824,337
2020-02-04,16,6,Tuesday,2995,841,291
2020-02-04,17,1,Tuesday,2654,608,180
2020-02-05,6,53,Wednesday,364,268,58
2020-02-05,7,84,Wednesday,674,393,128
2020-02-05,8,17,Wednesday,1323,535,191
2020-02-05,9,57,Wednesday,2166,684,270
2020-02-05,10,48,Wednesday,2789,765,344
2020-02-05,11,35,Wednesday,3159,735,268
2020-02-05,12,70,Wednesday,3279,767,282
2020-02-05,13,31,Wednesday,3244,723,239
2020-02-05,14,26,Wednesday,3363,856,324
2020-02-05,15,19,Wednesday,3261,818,315
2020-02-05,16,7,Wednesday,3018,802,277
2020-02-05,18,2,Wednesday,2020,338,102
2020-02-06,6,24,Thursday,348,213,65
2020-02-06,7,139,Thursday,822,473,134
2020-02-06,8,41,Thursday,1516,561,176
2020-02-06,9,73,Thursday,2334,679,282
2020-02-06,10,46,Thursday,2915,705,309
2020-02-06,11,34,Thursday,3289,711,298
2020-02-06,12,34,Thursday,3346,728,229
2020-02-06,13,22,Thursday,3364,780,234
2020-02-06,14,12,Thursday,3457,769,264
2020-02-06,15,5,Thursday,3203,947,361
2020-02-06,16,4,Thursday,2811,913,286
2020-02-06,17,1,Thursday,2478,661,194
2020-02-07,6,42,Friday,370,245,52
2020-02-07,7,107,Friday,801,483,135
2020-02-07,8,35,Friday,1514,605,201
2020-02-07,9,73,Friday,2345,760,307
2020-02-07,10,67,Friday,2957,818,309
2020-02-07,11,32,Friday,3321,799,310
2020-02-07,12,37,Friday,3327,828,270
2020-02-07,13,16,Friday,3264,829,273
2020-02-07,14,21,Friday,3249,985,394
2020-02-07,15,8,Friday,3160,1039,420
2020-02-07,16,3,Friday,2963,1026,380
2020-02-07,17,1,Friday,2606,708,239
2020-02-10,9,21,Monday,785,420,111
2020-02-10,10,20,Monday,1024,841,302
2020-02-10,11,16,Monday,1113,843,327
2020-02-10,12,16,Monday,1173,719,285
2020-02-10,13,25,Monday,1132,681,280
2020-02-10,14,26,Monday,1262,685,280
2020-02-10,15,15,Monday,1309,683,268
2020-02-10,16,21,Monday,1293,656,243
2020-02-10,17,26,Monday,1106,651,196
2020-02-10,18,28,Monday,828,498,144
2020-02-10,19,6,Monday,645,358,72
2020-02-10,20,4,Monday,483,288,74
2020-02-10,21,1,Monday,357,220,34
2020-02-10,22,1,Monday,249,143,20
2020-02-11,5,25,Tuesday,108,97,15
2020-02-11,6,39,Tuesday,213,333,105
2020-02-11,7,51,Tuesday,458,548,210
2020-02-11,8,39,Tuesday,956,676,246
2020-02-11,9,36,Tuesday,1537,744,241
2020-02-11,10,28,Tuesday,1846,676,228
2020-02-11,11,6,Tuesday,2095,624,213
2020-02-11,12,31,Tuesday,2515,1049,425
2020-02-11,13,50,Tuesday,2633,898,363
2020-02-11,14,45,Tuesday,2786,1022,409
2020-02-11,15,34,Tuesday,2810,1035,430
2020-02-11,16,58,Tuesday,2715,983,385
2020-02-11,17,29,Tuesday,2457,842,290
2020-02-11,18,25,Tuesday,1835,678,185
2020-02-11,19,19,Tuesday,1350,464,122
2020-02-11,20,3,Tuesday,974,288,76
2020-02-12,6,56,Wednesday,284,311,52
2020-02-12,7,48,Wednesday,570,488,125
2020-02-12,8,75,Wednesday,1114,673,210
2020-02-12,9,55,Wednesday,1811,788,285
2020-02-12,10,30,Wednesday,2469,852,363
2020-02-12,11,66,Wednesday,2831,994,399
2020-02-12,12,54,Wednesday,2974,900,327
2020-02-12,13,38,Wednesday,2933,902,336
2020-02-12,14,37,Wednesday,3118,925,335
2020-02-12,15,34,Wednesday,3191,946,346
2020-02-12,16,25,Wednesday,3027,873,309
2020-02-12,17,8,Wednesday,2624,714,196
2020-02-12,18,10,Wednesday,1990,639,165
2020-02-13,6,120,Thursday,331,335,68
2020-02-13,7,78,Thursday,727,525,153
2020-02-13,8,54,Thursday,1384,665,245
2020-02-13,9,71,Thursday,2167,732,288
2020-02-13,10,50,Thursday,2761,811,342
2020-02-13,11,65,Thursday,3164,869,311
2020-02-13,12,37,Thursday,3214,833,272
2020-02-13,13,38,Thursday,3317,802,256
2020-02-13,14,9,Thursday,3503,938,319
2020-02-13,15,10,Thursday,3546,978,344
2020-02-13,16,9,Thursday,3290,850,293
2020-02-13,17,7,Thursday,2939,688,208
2020-02-13,18,2,Thursday,2264,508,123
2020-02-14,6,97,Friday,325,338,73
2020-02-14,7,70,Friday,718,514,158
2020-02-14,8,35,Friday,1389,647,215
2020-02-14,9,67,Friday,2173,791,326
2020-02-14,10,57,Friday,2745,817,347
2020-02-14,11,44,Friday,3106,886,371
2020-02-14,12,26,Friday,3173,865,299
2020-02-14,13,14,Friday,3214,815,273
2020-02-14,14,6,Friday,3369,954,373
2020-02-14,15,11,Friday,3251,930,362
2020-02-14,16,7,Friday,3125,911,383
2020-02-14,17,3,Friday,2618,695,222
2020-02-17,6,98,Monday,293,271,62
2020-02-17,7,32,Monday,616,393,89
2020-02-17,8,84,Monday,1222,622,185
2020-02-17,9,38,Monday,1964,740,235
2020-02-17,10,53,Monday,2488,737,256
2020-02-17,11,59,Monday,2835,832,315
2020-02-17,12,69,Monday,2880,804,278
2020-02-17,13,30,Monday,2929,775,230
2020-02-17,14,18,Monday,3085,912,290
2020-02-17,15,15,Monday,2993,952,348
2020-02-17,16,6,Monday,2564,916,322
2020-02-17,17,5,Monday,2266,639,174
2020-02-17,18,1,Monday,1784,468,106
2020-02-18,6,104,Tuesday,335,340,64
2020-02-18,7,87,Tuesday,672,498,128
2020-02-18,8,12,Tuesday,1237,409,103
2020-02-18,9,36,Tuesday,1970,290,97
2020-02-18,10,47,Tuesday,2755,1022,437
2020-02-18,11,52,Tuesday,3068,1065,433
2020-02-18,12,43,Tuesday,3031,1047,362
2020-02-18,13,59,Tuesday,3007,929,341
2020-02-18,14,35,Tuesday,3085,946,384
2020-02-18,15,33,Tuesday,3097,926,357
2020-02-18,16,25,Tuesday,2977,877,305
2020-02-18,17,11,Tuesday,2580,738,251
2020-02-18,18,3,Tuesday,1790,600,165
2020-02-19,6,50,Wednesday,318,260,44
2020-02-19,7,75,Wednesday,722,485,117
2020-02-19,8,67,Wednesday,1485,616,176
2020-02-19,9,33,Wednesday,2241,748,262
2020-02-19,10,47,Wednesday,2856,818,316
2020-02-19,11,68,Wednesday,3156,916,349
2020-02-19,12,35,Wednesday,3184,925,318
2020-02-19,13,36,Wednesday,3178,952,305
2020-02-19,14,16,Wednesday,3260,1047,352
2020-02-19,15,8,Wednesday,3170,1031,391
2020-02-19,16,8,Wednesday,2704,942,343
2020-02-19,17,5,Wednesday,2217,865,253
2020-02-19,18,2,Wednesday,1635,637,170
2020-02-20,6,64,Thursday,316,333,75
2020-02-20,7,86,Thursday,744,483,143
2020-02-20,8,76,Thursday,1441,646,177
2020-02-20,9,52,Thursday,2230,772,278
2020-02-20,10,65,Thursday,2782,911,375
2020-02-20,11,54,Thursday,3152,996,367
2020-02-20,12,46,Thursday,3014,931,358
2020-02-20,13,20,Thursday,2956,1043,377
2020-02-20,14,19,Thursday,3123,1054,427
2020-02-20,15,13,Thursday,3020,1037,432
2020-02-20,16,8,Thursday,2800,945,355
2020-02-20,17,5,Thursday,2541,426,98
2020-02-20,18,1,Thursday,1887,2,3
2020-02-21,6,42,Friday,309,283,44
2020-02-21,7,40,Friday,647,481,121
2020-02-21,8,30,Friday,1226,693,246
2020-02-21,9,47,Friday,1941,915,373
2020-02-21,10,42,Friday,2483,1051,458
2020-02-21,11,36,Friday,2840,1010,439
2020-02-21,12,21,Friday,2762,1056,458
2020-02-21,13,27,Friday,2686,1079,464
2020-02-21,14,19,Friday,2762,1059,482
2020-02-21,15,18,Friday,2823,1059,478
2020-02-21,16,12,Friday,2676,1027,419
2020-02-21,17,37,Friday,2413,905,317
2020-02-21,18,22,Friday,1911,687,214
2020-02-21,19,2,Friday,1473,511,155
2020-02-21,20,1,Friday,1060,429,110
2020-02-24,6,49,Monday,175,187,32
2020-02-24,7,48,Monday,309,360,94
2020-02-24,8,36,Monday,551,526,156
2020-02-24,9,96,Monday,811,572,204
2020-02-24,10,71,Monday,1094,602,189
2020-02-24,11,58,Monday,1217,569,158
2020-02-24,12,53,Monday,1193,499,153
2020-02-24,13,30,Monday,1121,437,133
2020-02-24,14,18,Monday,1078,454,121
2020-02-24,15,12,Monday,992,380,101
2020-02-24,16,5,Monday,817,330,74
2020-02-24,17,1,Monday,596,385,78
2020-02-24,18,1,Monday,426,353,64
2020-02-26,6,48,Wednesday,206,185,25
2020-02-26,7,37,Wednesday,380,385,93
2020-02-26,8,49,Wednesday,638,541,137
2020-02-26,9,41,Wednesday,852,623,197
2020-02-26,10,34,Wednesday,1114,717,211
2020-02-26,11,18,Wednesday,1356,701,203
2020-02-26,12,24,Wednesday,1478,756,226
2020-02-26,13,19,Wednesday,1640,763,297
2020-02-26,14,10,Wednesday,1830,831,300
2020-02-26,15,9,Wednesday,1931,822,259
2020-02-26,16,10,Wednesday,1798,698,238
2020-02-26,17,3,Wednesday,1462,536,159
2020-02-26,18,3,Wednesday,1110,382,106
2020-02-27,6,71,Thursday,214,222,49
2020-02-27,7,32,Thursday,437,442,117
2020-02-27,8,49,Thursday,886,607,158
2020-02-27,9,52,Thursday,1542,748,242
2020-02-27,10,42,Thursday,2159,841,328
2020-02-27,11,55,Thursday,2523,864,334
2020-02-27,12,42,Thursday,2598,888,293
2020-02-27,13,26,Thursday,2647,916,302
2020-02-27,14,31,Thursday,2849,969,368
2020-02-27,15,21,Thursday,2859,976,378
2020-02-27,16,18,Thursday,2720,870,281
2020-02-27,17,6,Thursday,2311,665,170
2020-02-27,18,1,Thursday,1672,503,97
